guid_int,type_int,type_txt,discipline_int,discipline_txt,identifier_txt,geometry_type,color,instance_type,ifc_guid,space_id,parent_element,composing_elements,room_id,guid_txt,pcd,match_id,ifc_properties
0,24,Space,6,Rest,Space_0,occ_brep,,space,3ieRYLDdzA7A223TPufEJK,,,,[],,,3ieRYLDdzA7A223TPufEJK,
1,24,Space,6,Rest,Space_1,occ_brep,,space,3ieRYLDdzA7A223TPufEIb,,,,[],,,3ieRYLDdzA7A223TPufEIb,
2,24,Space,6,Rest,Space_2,occ_brep,,space,3ieRYLDdzA7A223TPufEJF,,,,[],,,3ieRYLDdzA7A223TPufEJF,
3,24,Space,6,Rest,Space_3,occ_brep,,space,3ieRYLDdzA7A223TPufEIC,,,,[],,,3ieRYLDdzA7A223TPufEIC,
4,24,Space,6,Rest,Space_4,occ_brep,,space,2Vw5Ga4Dz31wA6t7ociBwO,,,,[],,,2Vw5Ga4Dz31wA6t7ociBwO,
5,1,Wall,1,ARC,Wall_5,occ_brep,,rewritten,23aTbt_ibCF9nDuGzWAsXH,,,,[119],,,23aTbt_ibCF9nDuGzWAsXH,
6,1,Wall,1,ARC,Wall_6,occ_brep,,rewritten,0fo82U50nDWhMj5k9OCN$b,,,,"[333, 334, 290]",,,0fo82U50nDWhMj5k9OCN$b,
7,24,Space,6,Rest,Space_7,occ_brep,,space,2Vw5Ga4Dz31wA6t7ociBOC,,,,[],,,2Vw5Ga4Dz31wA6t7ociBOC,
8,24,Space,6,Rest,Space_8,occ_brep,,space,2Vw5Ga4Dz31wA6t7ociBOo,,,,[],,,2Vw5Ga4Dz31wA6t7ociBOo,
9,1,Wall,1,ARC,Wall_9,occ_brep,,rewritten,3P6tvjgV9AA81fRmsqfbUq,,,,[119],,,3P6tvjgV9AA81fRmsqfbUq,
10,1,Wall,1,ARC,Wall_10,occ_brep,,rewritten,3P6tvjgV9AA81fRmsqfbRb,,,,[119],,,3P6tvjgV9AA81fRmsqfbRb,
11,1,Wall,1,ARC,Wall_11,occ_brep,,rewritten,2phb4LYfH6ERu7VkkEK4hM,,,,"[289, 291]",,,2phb4LYfH6ERu7VkkEK4hM,
12,1,Wall,1,ARC,Wall_12,occ_brep,,rewritten,0fo82U50nDWhMj5k9OCN$7,,,,"[333, 334]",,,0fo82U50nDWhMj5k9OCN$7,
13,2,Floor,1,ARC,Floor_13,occ_brep,,rewritten,0a$DTcOc10$eWx3Py5JFns,,,,"[290, 298, 340, 321, 307, 306, 331, 305, 304, 336, 335, 313, 329, 327, 316, 119, 292, 300, 4, 299, 2, 3, 296, 339, 333, 289, 320, 338, 337, 288, 328, 318, 310, 311, 308, 297, 332, 324, 314, 322, 323, 0, 330, 295, 1, 294, 303, 319, 302, 293, 312, 8, 301, 317, 309, 341, 315, 291, 334, 326, 325, 7]",,,0a$DTcOc10$eWx3Py5JFns,
14,4,Door,1,ARC,Door_14,occ_brep,,element,0a$DTcOc10$eWx3Py5JFmB,,,,"[289, 8]",,,0a$DTcOc10$eWx3Py5JFmB,
15,4,Door,1,ARC,Door_15,occ_brep,,element,3iaF0$PeLD4B__N9ez93Gx,,,,"[288, 289]",,,3iaF0$PeLD4B__N9ez93Gx,
16,4,Door,1,ARC,Door_16,occ_brep,,element,26kn7MqLL9oOOTivXpg94V,,,,"[292, 291]",,,26kn7MqLL9oOOTivXpg94V,
17,4,Door,1,ARC,Door_17,occ_brep,,element,26kn7MqLL9oOOTivXpg95h,,,,"[292, 293]",,,26kn7MqLL9oOOTivXpg95h,
18,1,Wall,1,ARC,Wall_18,occ_brep,,rewritten,26kn7MqLL9oOOTivXpg95E,,,,"[295, 296]",,,26kn7MqLL9oOOTivXpg95E,
19,4,Door,1,ARC,Door_19,occ_brep,,element,26kn7MqLL9oOOTivXpg95z,,,,"[294, 293]",,,26kn7MqLL9oOOTivXpg95z,
20,4,Door,1,ARC,Door_20,occ_brep,,element,26kn7MqLL9oOOTivXpg957,,,,"[295, 294]",,,26kn7MqLL9oOOTivXpg957,
21,1,Wall,1,ARC,Wall_21,occ_brep,,rewritten,26kn7MqLL9oOOTivXpgEjW,,,,"[338, 297]",,,26kn7MqLL9oOOTivXpgEjW,
22,4,Door,1,ARC,Door_22,occ_brep,,element,26kn7MqLL9oOOTivXpgEvq,,,,"[291, 8]",,,26kn7MqLL9oOOTivXpgEvq,
23,4,Door,1,ARC,Door_23,occ_brep,,element,26kn7MqLL9oOOTivXpgEzN,,,,"[8, 293]",,,26kn7MqLL9oOOTivXpgEzN,
24,4,Door,1,ARC,Door_24,occ_brep,,element,26kn7MqLL9oOOTivXpgEop,,,,"[295, 8]",,,26kn7MqLL9oOOTivXpgEop,
25,4,Door,1,ARC,Door_25,occ_brep,,element,26kn7MqLL9oOOTivXpgEoX,,,,"[294, 8]",,,26kn7MqLL9oOOTivXpgEoX,
26,1,Wall,1,ARC,Wall_26,occ_brep,,rewritten,26kn7MqLL9oOOTivXpgElR,,,,"[296, 297]",,,26kn7MqLL9oOOTivXpgElR,
27,3,Ceiling,1,ARC,Ceiling_27,occ_brep,,rewritten,08Kju84ofEuAMc6WrE1A36,,,,[119],,,08Kju84ofEuAMc6WrE1A36,
28,4,Door,1,ARC,Door_28,occ_brep,,element,26kn7MqLL9oOOTivXpgEZS,,,,"[8, 296]",,,26kn7MqLL9oOOTivXpgEZS,
29,4,Door,1,ARC,Door_29,occ_brep,,element,26kn7MqLL9oOOTivXpgEWk,,,,"[8, 297]",,,26kn7MqLL9oOOTivXpgEWk,
30,1,Wall,1,ARC,Wall_30,occ_brep,,rewritten,26kn7MqLL9oOOTivXpgE3v,,,,"[298, 299]",,,26kn7MqLL9oOOTivXpgE3v,
31,1,Wall,1,ARC,Wall_31,occ_brep,,rewritten,3P6tvjgV9AA81fRmsqfbI8,,,,"[332, 288]",,,3P6tvjgV9AA81fRmsqfbI8,
32,4,Door,1,ARC,Door_32,occ_brep,,element,26kn7MqLL9oOOTivXpgELy,,,,"[7, 298]",,,26kn7MqLL9oOOTivXpgELy,
33,4,Door,1,ARC,Door_33,occ_brep,,element,26kn7MqLL9oOOTivXpgE1Q,,,,"[7, 299]",,,26kn7MqLL9oOOTivXpgE1Q,
34,1,Wall,1,ARC,Wall_34,occ_brep,,rewritten,3P6tvjgV9AA81fRmsqfbIm,,,,"[289, 288]",,,3P6tvjgV9AA81fRmsqfbIm,
35,1,Wall,1,ARC,Wall_35,occ_brep,,rewritten,0fo82U50nDWhMj5k9OCN$R,,,,"[333, 334]",,,0fo82U50nDWhMj5k9OCN$R,
36,4,Door,1,ARC,Door_36,occ_brep,,element,26kn7MqLL9oOOTivXpgF_R,,,,"[321, 304]",,,26kn7MqLL9oOOTivXpgF_R,
37,1,Wall,1,ARC,Wall_37,occ_brep,,rewritten,26kn7MqLL9oOOTivXpg94S,,,,"[291, 292]",,,26kn7MqLL9oOOTivXpg94S,
38,4,Door,1,ARC,Door_38,occ_brep,,element,26kn7MqLL9oOOTivXpgFzo,,,,"[300, 301]",,,26kn7MqLL9oOOTivXpgFzo,
39,1,Wall,1,ARC,Wall_39,occ_brep,,rewritten,26kn7MqLL9oOOTivXpgFzx,,,,"[337, 303]",,,26kn7MqLL9oOOTivXpgFzx,
40,1,Wall,1,ARC,Wall_40,occ_brep,,rewritten,26kn7MqLL9oOOTivXpg95e,,,,"[293, 292]",,,26kn7MqLL9oOOTivXpg95e,
41,4,Door,1,ARC,Door_41,occ_brep,,element,26kn7MqLL9oOOTivXpgFzy,,,,"[302, 301]",,,26kn7MqLL9oOOTivXpgFzy,
42,4,Door,1,ARC,Door_42,occ_brep,,element,26kn7MqLL9oOOTivXpgFz_,,,,"[303, 302]",,,26kn7MqLL9oOOTivXpgFz_,
43,1,Wall,1,ARC,Wall_43,occ_brep,,rewritten,26kn7MqLL9oOOTivXpg95o,,,,"[294, 293]",,,26kn7MqLL9oOOTivXpg95o,
44,1,Wall,1,ARC,Wall_44,occ_brep,,rewritten,26kn7MqLL9oOOTivXpg954,,,,"[295, 294]",,,26kn7MqLL9oOOTivXpg954,
45,4,Door,1,ARC,Door_45,occ_brep,,element,26kn7MqLL9oOOTivXpgFz5,,,,"[301, 321]",,,26kn7MqLL9oOOTivXpgFz5,
46,4,Door,1,ARC,Door_46,occ_brep,,element,26kn7MqLL9oOOTivXpgFzw,,,,"[300, 321]",,,26kn7MqLL9oOOTivXpgFzw,
47,4,Door,1,ARC,Door_47,occ_brep,,element,26kn7MqLL9oOOTivXpgFz4,,,,"[302, 321]",,,26kn7MqLL9oOOTivXpgFz4,
48,4,Door,1,ARC,Door_48,occ_brep,,element,26kn7MqLL9oOOTivXpgFhN,,,,"[305, 300]",,,26kn7MqLL9oOOTivXpgFhN,
49,4,Door,1,ARC,Door_49,occ_brep,,element,26kn7MqLL9oOOTivXpgFz6,,,,"[303, 321]",,,26kn7MqLL9oOOTivXpgFz6,
50,4,Door,1,ARC,Door_50,occ_brep,,element,26kn7MqLL9oOOTivXpgFz2,,,,"[321, 337]",,,26kn7MqLL9oOOTivXpgFz2,
51,4,Door,1,ARC,Door_51,occ_brep,,element,26kn7MqLL9oOOTivXpgFzD,,,,"[321, 336]",,,26kn7MqLL9oOOTivXpgFzD,
52,1,Wall,1,ARC,Wall_52,occ_brep,,rewritten,26kn7MqLL9oOOTivXpgFz3,,,,"[336, 317]",,,26kn7MqLL9oOOTivXpgFz3,
53,1,Wall,1,ARC,Wall_53,occ_brep,,rewritten,26kn7MqLL9oOOTivXpgCas,,,,"[311, 308]",,,26kn7MqLL9oOOTivXpgCas,
54,5,Window,1,ARC,Window_54,occ_brep,,element,2gH7qgRtn4IhkbEUGvHs8J,,,,[288],,,2gH7qgRtn4IhkbEUGvHs8J,
55,4,Door,1,ARC,Door_55,occ_brep,,element,26kn7MqLL9oOOTivXpgFeH,,,,"[305, 304]",,,26kn7MqLL9oOOTivXpgFeH,
56,5,Window,1,ARC,Window_56,occ_brep,,element,1obyotblH6HAniiX_W4uYM,,,,[289],,,1obyotblH6HAniiX_W4uYM,
57,4,Door,1,ARC,Door_57,occ_brep,,element,26kn7MqLL9oOOTivXpgFfn,,,,"[307, 304]",,,26kn7MqLL9oOOTivXpgFfn,
58,4,Door,1,ARC,Door_58,occ_brep,,element,26kn7MqLL9oOOTivXpgFz7,,,,"[303, 321]",,,26kn7MqLL9oOOTivXpgFz7,
59,1,Wall,1,ARC,Wall_59,occ_brep,,rewritten,26kn7MqLL9oOOTivXpgCSM,,,,"[309, 335]",,,26kn7MqLL9oOOTivXpgCSM,
60,1,Wall,1,ARC,Wall_60,occ_brep,,rewritten,0fo82U50nDWhMj5k9OCNaz,,,,"[332, 290, 333]",,,0fo82U50nDWhMj5k9OCNaz,
61,4,Door,1,ARC,Door_61,occ_brep,,element,26kn7MqLL9oOOTivXpgCR9,,,,"[308, 335]",,,26kn7MqLL9oOOTivXpgCR9,
62,4,Door,1,ARC,Door_62,occ_brep,,element,26kn7MqLL9oOOTivXpgCQV,,,,"[311, 335]",,,26kn7MqLL9oOOTivXpgCQV,
63,1,Wall,1,ARC,Wall_63,occ_brep,,rewritten,26kn7MqLL9oOOTivXpgC8t,,,,"[2, 331]",,,26kn7MqLL9oOOTivXpgC8t,
64,5,Window,1,ARC,Window_64,occ_brep,,element,1obyotblH6HAniiX_W4uX2,,,,[289],,,1obyotblH6HAniiX_W4uX2,
65,1,Wall,1,ARC,Wall_65,occ_brep,,rewritten,26kn7MqLL9oOOTivXpgF_A,,,,"[305, 300]",,,26kn7MqLL9oOOTivXpgF_A,
66,4,Door,1,ARC,Door_66,occ_brep,,element,26kn7MqLL9oOOTivXpgCTb,,,,"[309, 310]",,,26kn7MqLL9oOOTivXpgCTb,
67,1,Wall,1,ARC,Wall_67,occ_brep,,rewritten,26kn7MqLL9oOOTivXpgDiH,,,,"[329, 330, 312]",,,26kn7MqLL9oOOTivXpgDiH,
68,1,Wall,1,ARC,Wall_68,occ_brep,,rewritten,26kn7MqLL9oOOTivXpgEc8,,,,"[8, 298, 7, 338]",,,26kn7MqLL9oOOTivXpgEc8,
69,4,Door,1,ARC,Door_69,occ_brep,,element,26kn7MqLL9oOOTivXpgDzJ,,,,"[3, 309]",,,26kn7MqLL9oOOTivXpgDzJ,
70,1,Wall,1,ARC,Wall_70,occ_brep,,rewritten,26kn7MqLL9oOOTivXpgF_d,,,,"[307, 304]",,,26kn7MqLL9oOOTivXpgF_d,
71,1,Wall,1,ARC,Wall_71,occ_brep,,rewritten,26kn7MqLL9oOOTivXpgDJf,,,,"[315, 4, 316]",,,26kn7MqLL9oOOTivXpgDJf,
72,1,Wall,1,ARC,Wall_72,occ_brep,,rewritten,26kn7MqLL9oOOTivXpgDHX,,,,"[318, 4]",,,26kn7MqLL9oOOTivXpgDHX,
73,1,Wall,1,ARC,Wall_73,occ_brep,,rewritten,26kn7MqLL9oOOTivXpgF_M,,,,"[340, 306]",,,26kn7MqLL9oOOTivXpgF_M,
74,1,Wall,1,ARC,Wall_74,occ_brep,,rewritten,26kn7MqLL9oOOTivXpgFzp,,,,"[301, 300]",,,26kn7MqLL9oOOTivXpgFzp,
75,1,Wall,1,ARC,Wall_75,occ_brep,,rewritten,26kn7MqLL9oOOTivXpg2uw,,,,"[335, 3]",,,26kn7MqLL9oOOTivXpg2uw,
76,1,Wall,1,ARC,Wall_76,occ_brep,,rewritten,26kn7MqLL9oOOTivXpg2re,,,,"[312, 313]",,,26kn7MqLL9oOOTivXpg2re,
77,1,Wall,1,ARC,Wall_77,occ_brep,,rewritten,26kn7MqLL9oOOTivXpgFz$,,,,"[302, 303]",,,26kn7MqLL9oOOTivXpgFz$,
78,1,Wall,1,ARC,Wall_78,occ_brep,,rewritten,26kn7MqLL9oOOTivXpgFzz,,,,"[302, 301]",,,26kn7MqLL9oOOTivXpgFzz,
79,5,Window,1,ARC,Window_79,occ_brep,,element,26kn7MqLL9oOOTivXpgEaM,,,,[292],,,26kn7MqLL9oOOTivXpgEaM,
80,1,Wall,1,ARC,Wall_80,occ_brep,,rewritten,26kn7MqLL9oOOTivXpg2j8,,,,"[0, 327]",,,26kn7MqLL9oOOTivXpg2j8,
81,4,Door,1,ARC,Door_81,occ_brep,,element,26kn7MqLL9oOOTivXpg2gC,,,,"[329, 328]",,,26kn7MqLL9oOOTivXpg2gC,
82,5,Window,1,ARC,Window_82,occ_brep,,element,26kn7MqLL9oOOTivXpgEQt,,,,[293],,,26kn7MqLL9oOOTivXpgEQt,
83,4,Door,1,ARC,Door_83,occ_brep,,element,26kn7MqLL9oOOTivXpg2fc,,,,"[313, 328]",,,26kn7MqLL9oOOTivXpg2fc,
84,1,Wall,1,ARC,Wall_84,occ_brep,,rewritten,26kn7MqLL9oOOTivXpgFtO,,,,"[305, 304]",,,26kn7MqLL9oOOTivXpgFtO,
85,1,Wall,1,ARC,Wall_85,occ_brep,,rewritten,26kn7MqLL9oOOTivXpg2U5,,,,"[316, 315]",,,26kn7MqLL9oOOTivXpg2U5,
86,5,Window,1,ARC,Window_86,occ_brep,,element,26kn7MqLL9oOOTivXpgEar,,,,[291],,,26kn7MqLL9oOOTivXpgEar,
87,1,Wall,1,ARC,Wall_87,occ_brep,,rewritten,26kn7MqLL9oOOTivXpg29_,,,,"[319, 318]",,,26kn7MqLL9oOOTivXpg29_,
88,1,Wall,1,ARC,Wall_88,occ_brep,,rewritten,26kn7MqLL9oOOTivXpg2EW,,,,"[319, 320]",,,26kn7MqLL9oOOTivXpg2EW,
89,1,Wall,1,ARC,Wall_89,occ_brep,,rewritten,26kn7MqLL9oOOTivXpgFkA,,,,"[306, 307]",,,26kn7MqLL9oOOTivXpgFkA,
90,1,Wall,1,ARC,Wall_90,occ_brep,,rewritten,26kn7MqLL9oOOTivXpg2C1,,,,"[322, 320]",,,26kn7MqLL9oOOTivXpg2C1,
91,4,Door,1,ARC,Door_91,occ_brep,,element,26kn7MqLL9oOOTivXpg2O0,,,,"[313, 314]",,,26kn7MqLL9oOOTivXpg2O0,
92,5,Window,1,ARC,Window_92,occ_brep,,element,26kn7MqLL9oOOTivXpgERe,,,,[295],,,26kn7MqLL9oOOTivXpgERe,
93,1,Wall,1,ARC,Wall_93,occ_brep,,rewritten,26kn7MqLL9oOOTivXpgEI0,,,,"[7, 298, 299]",,,26kn7MqLL9oOOTivXpgEI0,
94,4,Door,1,ARC,Door_94,occ_brep,,element,26kn7MqLL9oOOTivXpg2P4,,,,"[315, 314]",,,26kn7MqLL9oOOTivXpg2P4,
95,5,Window,1,ARC,Window_95,occ_brep,,element,26kn7MqLL9oOOTivXpgEQN,,,,[294],,,26kn7MqLL9oOOTivXpgEQN,
96,1,Wall,1,ARC,Wall_96,occ_brep,,rewritten,2VuhFQabH3JOql_RiqfUN3,,,,"[341, 322, 1]",,,2VuhFQabH3JOql_RiqfUN3,
97,1,Wall,1,ARC,Wall_97,occ_brep,,rewritten,2VuhFQabH3JOql_RiqfUK1,,,,"[1, 324]",,,2VuhFQabH3JOql_RiqfUK1,
98,1,Wall,1,ARC,Wall_98,occ_brep,,rewritten,2VuhFQabH3JOql_RiqfUGV,,,,"[341, 323]",,,2VuhFQabH3JOql_RiqfUGV,
99,1,Wall,1,ARC,Wall_99,occ_brep,,rewritten,2VuhFQabH3JOql_RiqfUVl,,,,"[323, 339]",,,2VuhFQabH3JOql_RiqfUVl,
100,1,Wall,1,ARC,Wall_100,occ_brep,,rewritten,26kn7MqLL9oOOTivXpg2ef,,,,"[328, 327]",,,26kn7MqLL9oOOTivXpg2ef,
101,1,Wall,1,ARC,Wall_101,occ_brep,,rewritten,26kn7MqLL9oOOTivXpgCJg,,,,"[331, 330]",,,26kn7MqLL9oOOTivXpgCJg,
102,1,Wall,1,ARC,Wall_102,occ_brep,,rewritten,26kn7MqLL9oOOTivXpgCVG,,,,"[310, 331]",,,26kn7MqLL9oOOTivXpgCVG,
103,1,Wall,1,ARC,Wall_103,occ_brep,,rewritten,2VuhFQabH3JOql_RiqfUOW,,,,"[326, 325]",,,2VuhFQabH3JOql_RiqfUOW,
104,4,Door,1,ARC,Door_104,occ_brep,,element,26kn7MqLL9oOOTivXpg2l7,,,,"[327, 313]",,,26kn7MqLL9oOOTivXpg2l7,
105,1,Wall,1,ARC,Wall_105,occ_brep,,rewritten,26kn7MqLL9oOOTivXpgCSR,,,,"[309, 310]",,,26kn7MqLL9oOOTivXpgCSR,
106,5,Window,1,ARC,Window_106,occ_brep,,element,26kn7MqLL9oOOTivXpgFy0,,,,[340],,,26kn7MqLL9oOOTivXpgFy0,
107,1,Wall,1,ARC,Wall_107,occ_brep,,rewritten,26kn7MqLL9oOOTivXpgDXu,,,,"[329, 328]",,,26kn7MqLL9oOOTivXpgDXu,
108,1,Wall,1,ARC,Wall_108,occ_brep,,rewritten,26kn7MqLL9oOOTivXpgC1F,,,,"[2, 3, 8]",,,26kn7MqLL9oOOTivXpgC1F,
109,1,Wall,1,ARC,Wall_109,occ_brep,,rewritten,26kn7MqLL9oOOTivXpgDcn,,,,"[0, 314, 313]",,,26kn7MqLL9oOOTivXpgDcn,
110,1,Wall,1,ARC,Wall_110,occ_brep,,rewritten,26kn7MqLL9oOOTivXpgCQd,,,,"[335, 308, 311]",,,26kn7MqLL9oOOTivXpgCQd,
111,1,Wall,1,ARC,Wall_111,occ_brep,,rewritten,2VuhFQabH3JOql_RiqfUMx,,,,"[324, 321]",,,2VuhFQabH3JOql_RiqfUMx,
112,4,Door,1,ARC,Door_112,occ_brep,,element,1XD1GHfzD6cunMzxtqLi62,,,,"[329, 312]",,,1XD1GHfzD6cunMzxtqLi62,
113,1,Wall,1,ARC,Wall_113,occ_brep,,rewritten,26kn7MqLL9oOOTivXpgCW4,,,,"[331, 335, 310, 311, 2, 3, 309]",,,26kn7MqLL9oOOTivXpgCW4,
114,5,Window,1,ARC,Window_114,occ_brep,,element,1XD1GHfzD6cunMzxtqLiE$,,,,[318],,,1XD1GHfzD6cunMzxtqLiE$,
115,1,Wall,1,ARC,Wall_115,occ_brep,,rewritten,26kn7MqLL9oOOTivXpg2LS,,,,"[321, 7, 317, 299]",,,26kn7MqLL9oOOTivXpg2LS,
116,1,Wall,1,ARC,Wall_116,occ_brep,,rewritten,26kn7MqLL9oOOTivXpg2dx,,,,"[315, 316, 314]",,,26kn7MqLL9oOOTivXpg2dx,
117,5,Window,1,ARC,Window_117,occ_brep,,element,1XD1GHfzD6cunMzxtqLiXv,,,,[303],,,1XD1GHfzD6cunMzxtqLiXv,
118,5,Window,1,ARC,Window_118,occ_brep,,element,1XD1GHfzD6cunMzxtqLilB,,,,[336],,,1XD1GHfzD6cunMzxtqLilB,
119,24,Space,6,Rest,Space_119,occ_brep,,space,0x8tDwgKz4rBhuBSTQ03Sx,,,,[],,,0x8tDwgKz4rBhuBSTQ03Sx,
120,5,Window,1,ARC,Window_120,occ_brep,,element,1XD1GHfzD6cunMzxtqLlR6,,,,[320],,,1XD1GHfzD6cunMzxtqLlR6,
121,5,Window,1,ARC,Window_121,occ_brep,,element,1XD1GHfzD6cunMzxtqLlTc,,,,[320],,,1XD1GHfzD6cunMzxtqLlTc,
122,5,Window,1,ARC,Window_122,occ_brep,,element,1XD1GHfzD6cunMzxtqLlQE,,,,[320],,,1XD1GHfzD6cunMzxtqLlQE,
123,5,Window,1,ARC,Window_123,occ_brep,,element,1XD1GHfzD6cunMzxtqLij9,,,,[298],,,1XD1GHfzD6cunMzxtqLij9,
124,1,Wall,1,ARC,Wall_124,occ_brep,,rewritten,2VuhFQabH3JOql_RiqfUSN,,,,"[339, 326, 325]",,,2VuhFQabH3JOql_RiqfUSN,
125,5,Window,1,ARC,Window_125,occ_brep,,element,1XD1GHfzD6cunMzxtqLlP0,,,,[320],,,1XD1GHfzD6cunMzxtqLlP0,
126,5,Window,1,ARC,Window_126,occ_brep,,element,1XD1GHfzD6cunMzxtqLlS8,,,,[320],,,1XD1GHfzD6cunMzxtqLlS8,
127,5,Window,1,ARC,Window_127,occ_brep,,element,1XD1GHfzD6cunMzxtqLlPu,,,,[320],,,1XD1GHfzD6cunMzxtqLlPu,
128,1,Wall,1,ARC,Wall_128,occ_brep,,rewritten,34s_9XZVj4dvcc98NZ_yV0,,,,"[337, 336]",,,34s_9XZVj4dvcc98NZ_yV0,
129,1,Wall,1,ARC,Wall_129,occ_brep,,rewritten,26kn7MqLL9oOOTivXpgDDc,,,,"[329, 328, 312, 0, 313, 327]",,,26kn7MqLL9oOOTivXpgDDc,
130,4,Door,1,ARC,Door_130,occ_brep,,element,0x8tDwgKz4rBhuBSTQ033h,,,,"[333, 334]",,,0x8tDwgKz4rBhuBSTQ033h,
131,5,Window,1,ARC,Window_131,occ_brep,,element,1XD1GHfzD6cunMzxtqLlXj,,,,[319],,,1XD1GHfzD6cunMzxtqLlXj,
132,4,Door,1,ARC,Door_132,occ_brep,,element,34s_9XZVj4dvcc98NZ_zgh,,,,"[324, 341]",,,34s_9XZVj4dvcc98NZ_zgh,
133,5,Window,1,ARC,Window_133,occ_brep,,element,1XD1GHfzD6cunMzxtqLlan,,,,[325],,,1XD1GHfzD6cunMzxtqLlan,
134,4,Door,1,ARC,Door_134,occ_brep,,element,34s_9XZVj4dvcc98NZ_zlt,,,,"[325, 339]",,,34s_9XZVj4dvcc98NZ_zlt,
135,5,Window,1,ARC,Window_135,occ_brep,,element,34s_9XZVj4dvcc98NZ_zws,,,,[335],,,34s_9XZVj4dvcc98NZ_zws,
136,4,Door,1,ARC,Door_136,occ_brep,,element,34s_9XZVj4dvcc98NZ_zh$,,,,"[324, 323]",,,34s_9XZVj4dvcc98NZ_zh$,
137,4,Door,1,ARC,Door_137,occ_brep,,element,34s_9XZVj4dvcc98NZ_zjF,,,,"[339, 326]",,,34s_9XZVj4dvcc98NZ_zjF,
138,5,Window,1,ARC,Window_138,occ_brep,,element,1XD1GHfzD6cunMzxtqLlOG,,,,[322],,,1XD1GHfzD6cunMzxtqLlOG,
139,5,Window,1,ARC,Window_139,occ_brep,,element,1XD1GHfzD6cunMzxtqLlga,,,,[331],,,1XD1GHfzD6cunMzxtqLlga,
140,5,Window,1,ARC,Window_140,occ_brep,,element,1XD1GHfzD6cunMzxtqLldA,,,,[341],,,1XD1GHfzD6cunMzxtqLldA,
141,5,Window,1,ARC,Window_141,occ_brep,,element,1XD1GHfzD6cunMzxtqLldk,,,,[323],,,1XD1GHfzD6cunMzxtqLldk,
142,5,Window,1,ARC,Window_142,occ_brep,,element,1XD1GHfzD6cunMzxtqLlZL,,,,[326],,,1XD1GHfzD6cunMzxtqLlZL,
143,5,Window,1,ARC,Window_143,occ_brep,,element,39AcnEtunBZuCxNSP5Zgoe,,,,[3],,,39AcnEtunBZuCxNSP5Zgoe,
144,5,Window,1,ARC,Window_144,occ_brep,,element,39AcnEtunBZuCxNSP5ZhHw,,,,[307],,,39AcnEtunBZuCxNSP5ZhHw,
145,5,Window,1,ARC,Window_145,occ_brep,,element,39AcnEtunBZuCxNSP5ZhFa,,,,[334],,,39AcnEtunBZuCxNSP5ZhFa,
146,3,Ceiling,1,ARC,Ceiling_146,occ_brep,,rewritten,1T7BPQ_hn69uk5$Jp8cvJi,,,,[308],,,1T7BPQ_hn69uk5$Jp8cvJi,
147,3,Ceiling,1,ARC,Ceiling_147,occ_brep,,rewritten,1T7BPQ_hn69uk5$Jp8cvJS,,,,[335],,,1T7BPQ_hn69uk5$Jp8cvJS,
148,3,Ceiling,1,ARC,Ceiling_148,occ_brep,,rewritten,1T7BPQ_hn69uk5$Jp8cvJK,,,,[311],,,1T7BPQ_hn69uk5$Jp8cvJK,
149,5,Window,1,ARC,Window_149,occ_brep,,element,39AcnEtunBZuCxNSP5ZhIi,,,,[339],,,39AcnEtunBZuCxNSP5ZhIi,
150,1,Wall,1,ARC,Wall_150,occ_brep,,rewritten,2VuhFQabH3JOql_RiqfURw,,,,"[339, 324, 341, 326, 323, 1]",,,2VuhFQabH3JOql_RiqfURw,
151,3,Ceiling,1,ARC,Ceiling_151,occ_brep,,rewritten,1T7BPQ_hn69uk5$Jp8cvJ4,,,,[3],,,1T7BPQ_hn69uk5$Jp8cvJ4,
152,3,Ceiling,1,ARC,Ceiling_152,occ_brep,,rewritten,1T7BPQ_hn69uk5$Jp8cvIj,,,,[290],,,1T7BPQ_hn69uk5$Jp8cvIj,
153,3,Ceiling,1,ARC,Ceiling_153,occ_brep,,rewritten,1T7BPQ_hn69uk5$Jp8cvJ8,,,,[309],,,1T7BPQ_hn69uk5$Jp8cvJ8,
154,3,Ceiling,1,ARC,Ceiling_154,occ_brep,,rewritten,1T7BPQ_hn69uk5$Jp8cvIL,,,,[334],,,1T7BPQ_hn69uk5$Jp8cvIL,
155,5,Window,1,ARC,Window_155,occ_brep,,element,1XD1GHfzD6cunMzxtqLlnG,,,,[313],,,1XD1GHfzD6cunMzxtqLlnG,
156,3,Ceiling,1,ARC,Ceiling_156,occ_brep,,rewritten,1T7BPQ_hn69uk5$Jp8cvI5,,,,[289],,,1T7BPQ_hn69uk5$Jp8cvI5,
157,3,Ceiling,1,ARC,Ceiling_157,occ_brep,,rewritten,1T7BPQ_hn69uk5$Jp8cvHr,,,,[292],,,1T7BPQ_hn69uk5$Jp8cvHr,
158,5,Window,1,ARC,Window_158,occ_brep,,element,1XD1GHfzD6cunMzxtqLiBV,,,,[310],,,1XD1GHfzD6cunMzxtqLiBV,
159,3,Ceiling,1,ARC,Ceiling_159,occ_brep,,rewritten,1T7BPQ_hn69uk5$Jp8cvID,,,,[291],,,1T7BPQ_hn69uk5$Jp8cvID,
160,3,Ceiling,1,ARC,Ceiling_160,occ_brep,,rewritten,1T7BPQ_hn69uk5$Jp8cvHz,,,,[293],,,1T7BPQ_hn69uk5$Jp8cvHz,
161,3,Ceiling,1,ARC,Ceiling_161,occ_brep,,rewritten,1T7BPQ_hn69uk5$Jp8cvHb,,,,[294],,,1T7BPQ_hn69uk5$Jp8cvHb,
162,3,Ceiling,1,ARC,Ceiling_162,occ_brep,,rewritten,1T7BPQ_hn69uk5$Jp8cvHM,,,,[295],,,1T7BPQ_hn69uk5$Jp8cvHM,
163,3,Ceiling,1,ARC,Ceiling_163,occ_brep,,rewritten,1T7BPQ_hn69uk5$Jp8cvHU,,,,[296],,,1T7BPQ_hn69uk5$Jp8cvHU,
164,3,Ceiling,1,ARC,Ceiling_164,occ_brep,,rewritten,1T7BPQ_hn69uk5$Jp8cvH6,,,,[297],,,1T7BPQ_hn69uk5$Jp8cvH6,
165,3,Ceiling,1,ARC,Ceiling_165,occ_brep,,rewritten,1T7BPQ_hn69uk5$Jp8cvGo,,,,[298],,,1T7BPQ_hn69uk5$Jp8cvGo,
166,3,Ceiling,1,ARC,Ceiling_166,occ_brep,,rewritten,1T7BPQ_hn69uk5$Jp8cvGw,,,,[299],,,1T7BPQ_hn69uk5$Jp8cvGw,
167,3,Ceiling,1,ARC,Ceiling_167,occ_brep,,rewritten,1T7BPQ_hn69uk5$Jp8cvGV,,,,[316],,,1T7BPQ_hn69uk5$Jp8cvGV,
168,3,Ceiling,1,ARC,Ceiling_168,occ_brep,,rewritten,1T7BPQ_hn69uk5$Jp8cvG7,,,,[315],,,1T7BPQ_hn69uk5$Jp8cvG7,
169,3,Ceiling,1,ARC,Ceiling_169,occ_brep,,rewritten,1T7BPQ_hn69uk5$Jp8cvGY,,,,[7],,,1T7BPQ_hn69uk5$Jp8cvGY,
170,3,Ceiling,1,ARC,Ceiling_170,occ_brep,,rewritten,1T7BPQ_hn69uk5$Jp8cvGF,,,,[4],,,1T7BPQ_hn69uk5$Jp8cvGF,
171,3,Ceiling,1,ARC,Ceiling_171,occ_brep,,rewritten,1T7BPQ_hn69uk5$Jp8cvNt,,,,[318],,,1T7BPQ_hn69uk5$Jp8cvNt,
172,5,Window,1,ARC,Window_172,occ_brep,,element,1XD1GHfzD6cunMzxtqLiLn,,,,[324],,,1XD1GHfzD6cunMzxtqLiLn,
173,3,Ceiling,1,ARC,Ceiling_173,occ_brep,,rewritten,1T7BPQ_hn69uk5$Jp8cvMf,,,,[320],,,1T7BPQ_hn69uk5$Jp8cvMf,
174,3,Ceiling,1,ARC,Ceiling_174,occ_brep,,rewritten,1T7BPQ_hn69uk5$Jp8cvM3,,,,[303],,,1T7BPQ_hn69uk5$Jp8cvM3,
175,3,Ceiling,1,ARC,Ceiling_175,occ_brep,,rewritten,1T7BPQ_hn69uk5$Jp8cvNW,,,,[319],,,1T7BPQ_hn69uk5$Jp8cvNW,
176,3,Ceiling,1,ARC,Ceiling_176,occ_brep,,rewritten,1T7BPQ_hn69uk5$Jp8cvLZ,,,,[302],,,1T7BPQ_hn69uk5$Jp8cvLZ,
177,3,Ceiling,1,ARC,Ceiling_177,occ_brep,,rewritten,1T7BPQ_hn69uk5$Jp8cvLp,,,,[337],,,1T7BPQ_hn69uk5$Jp8cvLp,
178,3,Ceiling,1,ARC,Ceiling_178,occ_brep,,rewritten,1T7BPQ_hn69uk5$Jp8cvLJ,,,,[300],,,1T7BPQ_hn69uk5$Jp8cvLJ,
179,3,Ceiling,1,ARC,Ceiling_179,occ_brep,,rewritten,1T7BPQ_hn69uk5$Jp8cvLh,,,,[301],,,1T7BPQ_hn69uk5$Jp8cvLh,
180,3,Ceiling,1,ARC,Ceiling_180,occ_brep,,rewritten,1T7BPQ_hn69uk5$Jp8cvLR,,,,[305],,,1T7BPQ_hn69uk5$Jp8cvLR,
181,3,Ceiling,1,ARC,Ceiling_181,occ_brep,,rewritten,1T7BPQ_hn69uk5$Jp8cvL3,,,,[304],,,1T7BPQ_hn69uk5$Jp8cvL3,
182,3,Ceiling,1,ARC,Ceiling_182,occ_brep,,rewritten,1T7BPQ_hn69uk5$Jp8cvLB,,,,[307],,,1T7BPQ_hn69uk5$Jp8cvLB,
183,3,Ceiling,1,ARC,Ceiling_183,occ_brep,,rewritten,1T7BPQ_hn69uk5$Jp8cvKp,,,,[306],,,1T7BPQ_hn69uk5$Jp8cvKp,
184,3,Ceiling,1,ARC,Ceiling_184,occ_brep,,rewritten,1T7BPQ_hn69uk5$Jp8cvKG,,,,[322],,,1T7BPQ_hn69uk5$Jp8cvKG,
185,3,Ceiling,1,ARC,Ceiling_185,occ_brep,,rewritten,1T7BPQ_hn69uk5$Jp8cvKx,,,,[340],,,1T7BPQ_hn69uk5$Jp8cvKx,
186,3,Ceiling,1,ARC,Ceiling_186,occ_brep,,rewritten,1T7BPQ_hn69uk5$Jp8cvKO,,,,[341],,,1T7BPQ_hn69uk5$Jp8cvKO,
187,3,Ceiling,1,ARC,Ceiling_187,occ_brep,,rewritten,1T7BPQ_hn69uk5$Jp8cvMB,,,,[336],,,1T7BPQ_hn69uk5$Jp8cvMB,
188,3,Ceiling,1,ARC,Ceiling_188,occ_brep,,rewritten,1T7BPQ_hn69uk5$Jp8cvK0,,,,[323],,,1T7BPQ_hn69uk5$Jp8cvK0,
189,3,Ceiling,1,ARC,Ceiling_189,occ_brep,,rewritten,1T7BPQ_hn69uk5$Jp8cvB_,,,,[326],,,1T7BPQ_hn69uk5$Jp8cvB_,
190,3,Ceiling,1,ARC,Ceiling_190,occ_brep,,rewritten,1T7BPQ_hn69uk5$Jp8cvBB,,,,[1],,,1T7BPQ_hn69uk5$Jp8cvBB,
191,3,Ceiling,1,ARC,Ceiling_191,occ_brep,,rewritten,1T7BPQ_hn69uk5$Jp8cvAW,,,,[321],,,1T7BPQ_hn69uk5$Jp8cvAW,
192,3,Ceiling,1,ARC,Ceiling_192,occ_brep,,rewritten,1T7BPQ_hn69uk5$Jp8cvBc,,,,[325],,,1T7BPQ_hn69uk5$Jp8cvBc,
193,3,Ceiling,1,ARC,Ceiling_193,occ_brep,,rewritten,1T7BPQ_hn69uk5$Jp8cv9q,,,,[0],,,1T7BPQ_hn69uk5$Jp8cv9q,
194,3,Ceiling,1,ARC,Ceiling_194,occ_brep,,rewritten,1T7BPQ_hn69uk5$Jp8cv9y,,,,[313],,,1T7BPQ_hn69uk5$Jp8cv9y,
195,3,Ceiling,1,ARC,Ceiling_195,occ_brep,,rewritten,1T7BPQ_hn69uk5$Jp8cv9a,,,,[327],,,1T7BPQ_hn69uk5$Jp8cv9a,
196,3,Ceiling,1,ARC,Ceiling_196,occ_brep,,rewritten,1T7BPQ_hn69uk5$Jp8cv9i,,,,[312],,,1T7BPQ_hn69uk5$Jp8cv9i,
197,3,Ceiling,1,ARC,Ceiling_197,occ_brep,,rewritten,1T7BPQ_hn69uk5$Jp8cv9K,,,,[328],,,1T7BPQ_hn69uk5$Jp8cv9K,
198,3,Ceiling,1,ARC,Ceiling_198,occ_brep,,rewritten,1T7BPQ_hn69uk5$Jp8cv9S,,,,[329],,,1T7BPQ_hn69uk5$Jp8cv9S,
199,3,Ceiling,1,ARC,Ceiling_199,occ_brep,,rewritten,1T7BPQ_hn69uk5$Jp8cv99,,,,[330],,,1T7BPQ_hn69uk5$Jp8cv99,
200,3,Ceiling,1,ARC,Ceiling_200,occ_brep,,rewritten,1T7BPQ_hn69uk5$Jp8cv8w,,,,[2],,,1T7BPQ_hn69uk5$Jp8cv8w,
201,3,Ceiling,1,ARC,Ceiling_201,occ_brep,,rewritten,1T7BPQ_hn69uk5$Jp8cv8Y,,,,[310],,,1T7BPQ_hn69uk5$Jp8cv8Y,
202,4,Door,1,ARC,Door_202,occ_brep,,element,2Vw5Ga4Dz31wA6t7ociAzJ,,,,"[324, 339]",,,2Vw5Ga4Dz31wA6t7ociAzJ,
203,5,Window,1,ARC,Window_203,occ_brep,,element,1XD1GHfzD6cunMzxtqLiXl,,,,[302],,,1XD1GHfzD6cunMzxtqLiXl,
204,3,Ceiling,1,ARC,Ceiling_204,occ_brep,,rewritten,1T7BPQ_hn69uk5$Jp8cvAC,,,,[314],,,1T7BPQ_hn69uk5$Jp8cvAC,
205,3,Ceiling,1,ARC,Ceiling_205,occ_brep,,rewritten,2Vw5Ga4Dz31wA6t7ociBQA,,,,[317],,,2Vw5Ga4Dz31wA6t7ociBQA,
206,3,Ceiling,1,ARC,Ceiling_206,occ_brep,,rewritten,1T7BPQ_hn69uk5$Jp8cvIT,,,,[288],,,1T7BPQ_hn69uk5$Jp8cvIT,
207,3,Ceiling,1,ARC,Ceiling_207,occ_brep,,rewritten,0CnWPEZnv1d8T8FUxrevjI,,,,[333],,,0CnWPEZnv1d8T8FUxrevjI,
208,5,Window,1,ARC,Window_208,occ_brep,,element,1XD1GHfzD6cunMzxtqLihH,,,,[4],,,1XD1GHfzD6cunMzxtqLihH,
209,5,Window,1,ARC,Window_209,occ_brep,,element,1XD1GHfzD6cunMzxtqLlYT,,,,[319],,,1XD1GHfzD6cunMzxtqLlYT,
210,4,Door,1,ARC,Door_210,occ_brep,,element,2Vw5Ga4Dz31wA6t7ociBBu,,,,"[316, 314]",,,2Vw5Ga4Dz31wA6t7ociBBu,
211,3,Ceiling,1,ARC,Ceiling_211,occ_brep,,rewritten,383DO$PSjCThEOrX4PKqjN,,,,[339],,,383DO$PSjCThEOrX4PKqjN,
212,4,Door,1,ARC,Door_212,occ_brep,,element,383DO$PSjCThEOrX4PKqgQ,,,,[119],,,383DO$PSjCThEOrX4PKqgQ,
213,3,Ceiling,1,ARC,Ceiling_213,occ_brep,,rewritten,383DO$PSjCThEOrX4PKqjZ,,,,[8],,,383DO$PSjCThEOrX4PKqjZ,
214,3,Ceiling,1,ARC,Ceiling_214,occ_brep,,rewritten,383DO$PSjCThEOrX4PKqiF,,,,[332],,,383DO$PSjCThEOrX4PKqiF,
215,4,Door,1,ARC,Door_215,occ_brep,,element,2Vw5Ga4Dz31wA6t7ociAOG,,,,[321],,,2Vw5Ga4Dz31wA6t7ociAOG,
216,4,Door,1,ARC,Door_216,occ_brep,,element,2VuhFQabH3JOql_RiqfV_f,,,,[7],,,2VuhFQabH3JOql_RiqfV_f,
217,4,Door,1,ARC,Door_217,occ_brep,,element,3bi2O80fv3wRqMsnODU2r6,,,,"[3, 332]",,,3bi2O80fv3wRqMsnODU2r6,
218,4,Door,1,ARC,Door_218,occ_brep,,element,1ZC7lJQ09EL8hArqG14Wvf,,,,"[332, 288]",,,1ZC7lJQ09EL8hArqG14Wvf,
219,4,Door,1,ARC,Door_219,occ_brep,,element,386JrM$qH03g5dOJoAeMIA,,,,"[290, 332]",,,386JrM$qH03g5dOJoAeMIA,
220,4,Door,1,ARC,Door_220,occ_brep,,element,26kn7MqLL9oOOTivXpgF_T,,,,"[340, 306]",,,26kn7MqLL9oOOTivXpgF_T,
221,5,Window,1,ARC,Window_221,occ_brep,,element,08Kju84ofEuAMc6WrE1A3n,,,,[],,,08Kju84ofEuAMc6WrE1A3n,
222,4,Door,1,ARC,Door_222,occ_brep,,element,26kn7MqLL9oOOTivXpgDJJ,,,,[321],,,26kn7MqLL9oOOTivXpgDJJ,
223,1,Wall,1,ARC,Wall_223,occ_brep,,rewritten,3P6tvjgV9AA81fRmsqfbLY,,,,"[291, 292, 296, 338, 8, 297, 289, 288, 295, 294, 293, 3, 332, 290]",,,3P6tvjgV9AA81fRmsqfbLY,
224,5,Window,1,ARC,Window_224,occ_brep,,element,39AcnEtunBZuCxNSP5Zgsk,,,,[308],,,39AcnEtunBZuCxNSP5Zgsk,
225,4,Door,1,ARC,Door_225,occ_brep,,element,2Vw5Ga4Dz31wA6t7ociAtt,,,,[8],,,2Vw5Ga4Dz31wA6t7ociAtt,
226,4,Door,1,ARC,Door_226,occ_brep,,element,2kxpD3OfX4N8UFTL5WOVYu,,,,"[324, 321]",,,2kxpD3OfX4N8UFTL5WOVYu,
227,3,Ceiling,1,ARC,Ceiling_227,occ_brep,,rewritten,1BHmRqFm997hejzwATDoij,,,,[331],,,1BHmRqFm997hejzwATDoij,
228,1,Wall,1,ARC,Wall_228,occ_brep,,rewritten,2phb4LYfH6ERu7VkkEK4h0,,,,"[333, 289, 288, 295, 303, 293, 297, 332, 307, 305, 336, 294, 302, 301, 317, 291, 292, 298, 340, 296, 306, 338, 337, 304, 300, 299]",,,2phb4LYfH6ERu7VkkEK4h0,
229,5,Window,1,ARC,Window_229,occ_brep,,element,08Kju84ofEuAMc6WrE1A3C,,,,[],,,08Kju84ofEuAMc6WrE1A3C,
230,4,Door,1,ARC,Door_230,occ_brep,,element,26kn7MqLL9oOOTivXpgDQs,,,,[8],,,26kn7MqLL9oOOTivXpgDQs,
231,5,Window,1,ARC,Window_231,occ_brep,,element,1XD1GHfzD6cunMzxtqLifT,,,,[298],,,1XD1GHfzD6cunMzxtqLifT,
232,5,Window,1,ARC,Window_232,occ_brep,,element,08Kju84ofEuAMc6WrE1A3F,,,,[],,,08Kju84ofEuAMc6WrE1A3F,
233,5,Window,1,ARC,Window_233,occ_brep,,element,08Kju84ofEuAMc6WrE1A3E,,,,[],,,08Kju84ofEuAMc6WrE1A3E,
234,5,Window,1,ARC,Window_234,occ_brep,,element,08Kju84ofEuAMc6WrE1A3m,,,,[],,,08Kju84ofEuAMc6WrE1A3m,
235,4,Door,1,ARC,Door_235,occ_brep,,element,2Vw5Ga4Dz31wA6t7ociBWM,,,,[7],,,2Vw5Ga4Dz31wA6t7ociBWM,
236,4,Door,1,ARC,Door_236,occ_brep,,element,26kn7MqLL9oOOTivXpgDUa,,,,"[3, 8]",,,26kn7MqLL9oOOTivXpgDUa,
237,4,Door,1,ARC,Door_237,occ_brep,,element,26kn7MqLL9oOOTivXpgFkL,,,,"[307, 306]",,,26kn7MqLL9oOOTivXpgFkL,
238,4,Door,1,ARC,Door_238,occ_brep,,element,2VuhFQabH3JOql_RiqfVxz,,,,[321],,,2VuhFQabH3JOql_RiqfVxz,
239,4,Door,1,ARC,Door_239,occ_brep,,element,2Vw5Ga4Dz31wA6t7oci9Di,,,,"[333, 332]",,,2Vw5Ga4Dz31wA6t7oci9Di,
240,4,Door,1,ARC,Door_240,occ_brep,,element,2VuhFQabH3JOql_RiqfU3s,,,,[321],,,2VuhFQabH3JOql_RiqfU3s,
241,4,Door,1,ARC,Door_241,occ_brep,,element,2Vw5Ga4Dz31wA6t7ociB8U,,,,"[8, 7]",,,2Vw5Ga4Dz31wA6t7ociB8U,
242,4,Door,1,ARC,Door_242,occ_brep,,element,2VuhFQabH3JOql_RiqfU5_,,,,[321],,,2VuhFQabH3JOql_RiqfU5_,
243,1,Wall,1,ARC,Wall_243,occ_brep,,rewritten,1XD1GHfzD6cunMzxtqLi4o,,,,"[319, 327, 0, 1, 8, 321, 331, 329, 316, 320, 4, 7, 2, 328, 318, 324, 314, 322, 330]",,,1XD1GHfzD6cunMzxtqLi4o,
244,4,Door,1,ARC,Door_244,occ_brep,,element,26kn7MqLL9oOOTivXpgF_P,,,,"[306, 324]",,,26kn7MqLL9oOOTivXpgF_P,
245,1,Wall,1,ARC,Wall_245,occ_brep,,rewritten,26kn7MqLL9oOOTivXpgF_a,,,,"[321, 307, 305, 336, 302, 301, 317, 340, 306, 304, 300, 324, 337, 303]",,,26kn7MqLL9oOOTivXpgF_a,
246,4,Door,1,ARC,Door_246,occ_brep,,element,26kn7MqLL9oOOTivXpgDJG,,,,[321],,,26kn7MqLL9oOOTivXpgDJG,
247,1,Wall,1,ARC,Wall_247,occ_brep,,rewritten,26kn7MqLL9oOOTivXpgF_N,,,,"[326, 325, 340, 324]",,,26kn7MqLL9oOOTivXpgF_N,
248,4,Door,1,ARC,Door_248,occ_brep,,element,26kn7MqLL9oOOTivXpg2dP,,,,[8],,,26kn7MqLL9oOOTivXpg2dP,
249,5,Window,1,ARC,Window_249,occ_brep,,element,39AcnEtunBZuCxNSP5Zgns,,,,[311],,,39AcnEtunBZuCxNSP5Zgns,
250,5,Window,1,ARC,Window_250,occ_brep,,element,39AcnEtunBZuCxNSP5ZhCo,,,,[290],,,39AcnEtunBZuCxNSP5ZhCo,
251,4,Door,1,ARC,Door_251,occ_brep,,element,26kn7MqLL9oOOTivXpgCVJ,,,,"[331, 310]",,,26kn7MqLL9oOOTivXpgCVJ,
252,3,Ceiling,1,ARC,Ceiling_252,occ_brep,,rewritten,1BHmRqFm997hejzwATDoiW,,,,[324],,,1BHmRqFm997hejzwATDoiW,
253,4,Door,1,ARC,Door_253,occ_brep,,element,2Vw5Ga4Dz31wA6t7ociB9U,,,,"[321, 7]",,,2Vw5Ga4Dz31wA6t7ociB9U,
254,5,Window,1,ARC,Window_254,occ_brep,,element,1XD1GHfzD6cunMzxtqLie7,,,,[338],,,1XD1GHfzD6cunMzxtqLie7,
255,4,Door,1,ARC,Door_255,occ_brep,,element,26kn7MqLL9oOOTivXpgCJr,,,,"[331, 330]",,,26kn7MqLL9oOOTivXpgCJr,
256,5,Window,1,ARC,Window_256,occ_brep,,element,39AcnEtunBZuCxNSP5ZgmC,,,,[3],,,39AcnEtunBZuCxNSP5ZgmC,
257,4,Door,1,ARC,Door_257,occ_brep,,element,26kn7MqLL9oOOTivXpgDtL,,,,[8],,,26kn7MqLL9oOOTivXpgDtL,
258,1,Wall,1,ARC,Wall_258,occ_brep,,rewritten,26kn7MqLL9oOOTivXpgDH8,,,,"[4, 339, 320, 318, 310, 308, 314, 322, 323, 330, 319, 312, 309, 341, 315, 325, 331, 335, 313]",,,26kn7MqLL9oOOTivXpgDH8,
259,5,Window,1,ARC,Window_259,occ_brep,,element,39AcnEtunBZuCxNSP5ZhDc,,,,[3],,,39AcnEtunBZuCxNSP5ZhDc,
260,4,Door,1,ARC,Door_260,occ_brep,,element,34s_9XZVj4dvcc98NZ_yJc,,,,"[3, 335]",,,34s_9XZVj4dvcc98NZ_yJc,
261,1,Wall,1,ARC,Wall_261,occ_brep,,rewritten,39AcnEtunBZuCxNSP5Zgu2,,,,"[308, 311, 290, 3, 334]",,,39AcnEtunBZuCxNSP5Zgu2,
262,1,Wall,1,ARC,Wall_262,occ_brep,,rewritten,383DO$PSjCThEOrX4PKqGN,,,,[119],,,383DO$PSjCThEOrX4PKqGN,
263,5,Window,1,ARC,Window_263,occ_brep,,element,39AcnEtunBZuCxNSP5ZhGe,,,,[306],,,39AcnEtunBZuCxNSP5ZhGe,
264,5,Window,1,ARC,Window_264,occ_brep,,element,39AcnEtunBZuCxNSP5ZhGQ,,,,[340],,,39AcnEtunBZuCxNSP5ZhGQ,
265,3,Ceiling,1,ARC,Ceiling_265,occ_brep,,rewritten,383DO$PSjCThEOrX4PKqjx,,,,[338],,,383DO$PSjCThEOrX4PKqjx,
266,5,Window,1,ARC,Window_266,occ_brep,,element,1XD1GHfzD6cunMzxtqLlhy,,,,[331],,,1XD1GHfzD6cunMzxtqLlhy,
267,5,Window,1,ARC,Window_267,occ_brep,,element,1XD1GHfzD6cunMzxtqLlg0,,,,[331],,,1XD1GHfzD6cunMzxtqLlg0,
268,5,Window,1,ARC,Window_268,occ_brep,,element,1XD1GHfzD6cunMzxtqLlf6,,,,[330],,,1XD1GHfzD6cunMzxtqLlf6,
269,5,Window,1,ARC,Window_269,occ_brep,,element,1XD1GHfzD6cunMzxtqLleK,,,,[330],,,1XD1GHfzD6cunMzxtqLleK,
270,5,Window,1,ARC,Window_270,occ_brep,,element,1XD1GHfzD6cunMzxtqLlew,,,,[312],,,1XD1GHfzD6cunMzxtqLlew,
271,5,Window,1,ARC,Window_271,occ_brep,,element,1XD1GHfzD6cunMzxtqLlta,,,,[313],,,1XD1GHfzD6cunMzxtqLlta,
272,5,Window,1,ARC,Window_272,occ_brep,,element,1XD1GHfzD6cunMzxtqLls0,,,,[296],,,1XD1GHfzD6cunMzxtqLls0,
273,5,Window,1,ARC,Window_273,occ_brep,,element,1XD1GHfzD6cunMzxtqLlra,,,,[297],,,1XD1GHfzD6cunMzxtqLlra,
274,5,Window,1,ARC,Window_274,occ_brep,,element,1XD1GHfzD6cunMzxtqLlqY,,,,[313],,,1XD1GHfzD6cunMzxtqLlqY,
275,5,Window,1,ARC,Window_275,occ_brep,,element,1XD1GHfzD6cunMzxtqLiDX,,,,[315],,,1XD1GHfzD6cunMzxtqLiDX,
276,5,Window,1,ARC,Window_276,occ_brep,,element,1XD1GHfzD6cunMzxtqLiA3,,,,[309],,,1XD1GHfzD6cunMzxtqLiA3,
277,5,Window,1,ARC,Window_277,occ_brep,,element,1XD1GHfzD6cunMzxtqLiMb,,,,[324],,,1XD1GHfzD6cunMzxtqLiMb,
278,5,Window,1,ARC,Window_278,occ_brep,,element,1XD1GHfzD6cunMzxtqLiZB,,,,[304],,,1XD1GHfzD6cunMzxtqLiZB,
279,5,Window,1,ARC,Window_279,occ_brep,,element,1XD1GHfzD6cunMzxtqLiZb,,,,[304],,,1XD1GHfzD6cunMzxtqLiZb,
280,5,Window,1,ARC,Window_280,occ_brep,,element,1XD1GHfzD6cunMzxtqLiYD,,,,[305],,,1XD1GHfzD6cunMzxtqLiYD,
281,5,Window,1,ARC,Window_281,occ_brep,,element,1XD1GHfzD6cunMzxtqLiYl,,,,[300],,,1XD1GHfzD6cunMzxtqLiYl,
282,5,Window,1,ARC,Window_282,occ_brep,,element,1XD1GHfzD6cunMzxtqLiYt,,,,[301],,,1XD1GHfzD6cunMzxtqLiYt,
283,5,Window,1,ARC,Window_283,occ_brep,,element,1XD1GHfzD6cunMzxtqLiWd,,,,[337],,,1XD1GHfzD6cunMzxtqLiWd,
284,5,Window,1,ARC,Window_284,occ_brep,,element,1XD1GHfzD6cunMzxtqLiW7,,,,[303],,,1XD1GHfzD6cunMzxtqLiW7,
285,5,Window,1,ARC,Window_285,occ_brep,,element,1XD1GHfzD6cunMzxtqLikL,,,,[299],,,1XD1GHfzD6cunMzxtqLikL,
286,5,Window,1,ARC,Window_286,occ_brep,,element,1XD1GHfzD6cunMzxtqLilx,,,,[317],,,1XD1GHfzD6cunMzxtqLilx,
287,5,Window,1,ARC,Window_287,occ_brep,,element,1XD1GHfzD6cunMzxtqLiel,,,,[314],,,1XD1GHfzD6cunMzxtqLiel,
288,24,Space,6,Rest,Space_288,occ_brep,,space,0x8tDwgKz4rBhuBSTQ03Sy,,,,[],,,0x8tDwgKz4rBhuBSTQ03Sy,
289,24,Space,6,Rest,Space_289,occ_brep,,space,0x8tDwgKz4rBhuBSTQ03Sz,,,,[],,,0x8tDwgKz4rBhuBSTQ03Sz,
290,24,Space,6,Rest,Space_290,occ_brep,,space,0x8tDwgKz4rBhuBSTQ03S_,,,,[],,,0x8tDwgKz4rBhuBSTQ03S_,
291,24,Space,6,Rest,Space_291,occ_brep,,space,0x8tDwgKz4rBhuBSTQ03S$,,,,[],,,0x8tDwgKz4rBhuBSTQ03S$,
292,24,Space,6,Rest,Space_292,occ_brep,,space,0x8tDwgKz4rBhuBSTQ03V0,,,,[],,,0x8tDwgKz4rBhuBSTQ03V0,
293,24,Space,6,Rest,Space_293,occ_brep,,space,0x8tDwgKz4rBhuBSTQ03V1,,,,[],,,0x8tDwgKz4rBhuBSTQ03V1,
294,24,Space,6,Rest,Space_294,occ_brep,,space,0x8tDwgKz4rBhuBSTQ03V2,,,,[],,,0x8tDwgKz4rBhuBSTQ03V2,
295,24,Space,6,Rest,Space_295,occ_brep,,space,0x8tDwgKz4rBhuBSTQ03V3,,,,[],,,0x8tDwgKz4rBhuBSTQ03V3,
296,24,Space,6,Rest,Space_296,occ_brep,,space,0x8tDwgKz4rBhuBSTQ03V4,,,,[],,,0x8tDwgKz4rBhuBSTQ03V4,
297,24,Space,6,Rest,Space_297,occ_brep,,space,0x8tDwgKz4rBhuBSTQ03V5,,,,[],,,0x8tDwgKz4rBhuBSTQ03V5,
298,24,Space,6,Rest,Space_298,occ_brep,,space,0x8tDwgKz4rBhuBSTQ03V7,,,,[],,,0x8tDwgKz4rBhuBSTQ03V7,
299,24,Space,6,Rest,Space_299,occ_brep,,space,0x8tDwgKz4rBhuBSTQ03V8,,,,[],,,0x8tDwgKz4rBhuBSTQ03V8,
300,24,Space,6,Rest,Space_300,occ_brep,,space,0x8tDwgKz4rBhuBSTQ03VC,,,,[],,,0x8tDwgKz4rBhuBSTQ03VC,
301,24,Space,6,Rest,Space_301,occ_brep,,space,0x8tDwgKz4rBhuBSTQ03VD,,,,[],,,0x8tDwgKz4rBhuBSTQ03VD,
302,24,Space,6,Rest,Space_302,occ_brep,,space,0x8tDwgKz4rBhuBSTQ03VE,,,,[],,,0x8tDwgKz4rBhuBSTQ03VE,
303,24,Space,6,Rest,Space_303,occ_brep,,space,0x8tDwgKz4rBhuBSTQ03VF,,,,[],,,0x8tDwgKz4rBhuBSTQ03VF,
304,24,Space,6,Rest,Space_304,occ_brep,,space,0x8tDwgKz4rBhuBSTQ03VI,,,,[],,,0x8tDwgKz4rBhuBSTQ03VI,
305,24,Space,6,Rest,Space_305,occ_brep,,space,0x8tDwgKz4rBhuBSTQ03VJ,,,,[],,,0x8tDwgKz4rBhuBSTQ03VJ,
306,24,Space,6,Rest,Space_306,occ_brep,,space,0x8tDwgKz4rBhuBSTQ03VK,,,,[],,,0x8tDwgKz4rBhuBSTQ03VK,
307,24,Space,6,Rest,Space_307,occ_brep,,space,0x8tDwgKz4rBhuBSTQ03VL,,,,[],,,0x8tDwgKz4rBhuBSTQ03VL,
308,24,Space,6,Rest,Space_308,occ_brep,,space,0x8tDwgKz4rBhuBSTQ03VM,,,,[],,,0x8tDwgKz4rBhuBSTQ03VM,
309,24,Space,6,Rest,Space_309,occ_brep,,space,0x8tDwgKz4rBhuBSTQ03VN,,,,[],,,0x8tDwgKz4rBhuBSTQ03VN,
310,24,Space,6,Rest,Space_310,occ_brep,,space,0x8tDwgKz4rBhuBSTQ03VO,,,,[],,,0x8tDwgKz4rBhuBSTQ03VO,
311,24,Space,6,Rest,Space_311,occ_brep,,space,0x8tDwgKz4rBhuBSTQ03VQ,,,,[],,,0x8tDwgKz4rBhuBSTQ03VQ,
312,24,Space,6,Rest,Space_312,occ_brep,,space,0x8tDwgKz4rBhuBSTQ03VR,,,,[],,,0x8tDwgKz4rBhuBSTQ03VR,
313,24,Space,6,Rest,Space_313,occ_brep,,space,0x8tDwgKz4rBhuBSTQ03VS,,,,[],,,0x8tDwgKz4rBhuBSTQ03VS,
314,24,Space,6,Rest,Space_314,occ_brep,,space,0x8tDwgKz4rBhuBSTQ03VT,,,,[],,,0x8tDwgKz4rBhuBSTQ03VT,
315,24,Space,6,Rest,Space_315,occ_brep,,space,0x8tDwgKz4rBhuBSTQ03VU,,,,[],,,0x8tDwgKz4rBhuBSTQ03VU,
316,24,Space,6,Rest,Space_316,occ_brep,,space,0x8tDwgKz4rBhuBSTQ03VV,,,,[],,,0x8tDwgKz4rBhuBSTQ03VV,
317,24,Space,6,Rest,Space_317,occ_brep,,space,0x8tDwgKz4rBhuBSTQ03VX,,,,[],,,0x8tDwgKz4rBhuBSTQ03VX,
318,24,Space,6,Rest,Space_318,occ_brep,,space,0x8tDwgKz4rBhuBSTQ03VY,,,,[],,,0x8tDwgKz4rBhuBSTQ03VY,
319,24,Space,6,Rest,Space_319,occ_brep,,space,0x8tDwgKz4rBhuBSTQ03VZ,,,,[],,,0x8tDwgKz4rBhuBSTQ03VZ,
320,24,Space,6,Rest,Space_320,occ_brep,,space,0x8tDwgKz4rBhuBSTQ03Va,,,,[],,,0x8tDwgKz4rBhuBSTQ03Va,
321,24,Space,6,Rest,Space_321,occ_brep,,space,0x8tDwgKz4rBhuBSTQ03Vd,,,,[],,,0x8tDwgKz4rBhuBSTQ03Vd,
322,24,Space,6,Rest,Space_322,occ_brep,,space,0x8tDwgKz4rBhuBSTQ03Vf,,,,[],,,0x8tDwgKz4rBhuBSTQ03Vf,
323,24,Space,6,Rest,Space_323,occ_brep,,space,0x8tDwgKz4rBhuBSTQ03Vg,,,,[],,,0x8tDwgKz4rBhuBSTQ03Vg,
324,24,Space,6,Rest,Space_324,occ_brep,,space,0x8tDwgKz4rBhuBSTQ03Vh,,,,[],,,0x8tDwgKz4rBhuBSTQ03Vh,
325,24,Space,6,Rest,Space_325,occ_brep,,space,0x8tDwgKz4rBhuBSTQ03Vi,,,,[],,,0x8tDwgKz4rBhuBSTQ03Vi,
326,24,Space,6,Rest,Space_326,occ_brep,,space,0x8tDwgKz4rBhuBSTQ03Vj,,,,[],,,0x8tDwgKz4rBhuBSTQ03Vj,
327,24,Space,6,Rest,Space_327,occ_brep,,space,0x8tDwgKz4rBhuBSTQ03Vl,,,,[],,,0x8tDwgKz4rBhuBSTQ03Vl,
328,24,Space,6,Rest,Space_328,occ_brep,,space,0x8tDwgKz4rBhuBSTQ03Vm,,,,[],,,0x8tDwgKz4rBhuBSTQ03Vm,
329,24,Space,6,Rest,Space_329,occ_brep,,space,0x8tDwgKz4rBhuBSTQ03Vn,,,,[],,,0x8tDwgKz4rBhuBSTQ03Vn,
330,24,Space,6,Rest,Space_330,occ_brep,,space,0x8tDwgKz4rBhuBSTQ03Vo,,,,[],,,0x8tDwgKz4rBhuBSTQ03Vo,
331,24,Space,6,Rest,Space_331,occ_brep,,space,0x8tDwgKz4rBhuBSTQ03Vp,,,,[],,,0x8tDwgKz4rBhuBSTQ03Vp,
332,24,Space,6,Rest,Space_332,occ_brep,,space,0x8tDwgKz4rBhuBSTQ03Vr,,,,[],,,0x8tDwgKz4rBhuBSTQ03Vr,
333,24,Space,6,Rest,Space_333,occ_brep,,space,0x8tDwgKz4rBhuBSTQ03Vs,,,,[],,,0x8tDwgKz4rBhuBSTQ03Vs,
334,24,Space,6,Rest,Space_334,occ_brep,,space,0x8tDwgKz4rBhuBSTQ0377,,,,[],,,0x8tDwgKz4rBhuBSTQ0377,
335,24,Space,6,Rest,Space_335,occ_brep,,space,34s_9XZVj4dvcc98NZ_yKB,,,,[],,,34s_9XZVj4dvcc98NZ_yKB,
336,24,Space,6,Rest,Space_336,occ_brep,,space,34s_9XZVj4dvcc98NZ_zWR,,,,[],,,34s_9XZVj4dvcc98NZ_zWR,
337,24,Space,6,Rest,Space_337,occ_brep,,space,34s_9XZVj4dvcc98NZ_zXW,,,,[],,,34s_9XZVj4dvcc98NZ_zXW,
338,24,Space,6,Rest,Space_338,occ_brep,,space,34s_9XZVj4dvcc98NZ_z89,,,,[],,,34s_9XZVj4dvcc98NZ_z89,
339,24,Space,6,Rest,Space_339,occ_brep,,space,3ieRYLDdzA7A223TPufEMy,,,,[],,,3ieRYLDdzA7A223TPufEMy,
340,24,Space,6,Rest,Space_340,occ_brep,,space,3ieRYLDdzA7A223TPufELQ,,,,[],,,3ieRYLDdzA7A223TPufELQ,
341,24,Space,6,Rest,Space_341,occ_brep,,space,3ieRYLDdzA7A223TPufELI,,,,[],,,3ieRYLDdzA7A223TPufELI,
342,1,Wall,1,ARC,Wall_342,,,face,,,73.0,,[340],,,"['26kn7MqLL9oOOTivXpgF_M', '3ieRYLDdzA7A223TPufELQ', '0']",
343,1,Wall,1,ARC,Wall_343,,,face,,,89.0,,[306],,,"['26kn7MqLL9oOOTivXpgFkA', '0x8tDwgKz4rBhuBSTQ03VK', '0']",
344,1,Wall,1,ARC,Wall_344,,,face,,,115.0,,[321],,,"['26kn7MqLL9oOOTivXpg2LS', '0x8tDwgKz4rBhuBSTQ03Vd', '0']",
345,1,Wall,1,ARC,Wall_345,,,face,,,73.0,,[306],,,"['26kn7MqLL9oOOTivXpgF_M', '0x8tDwgKz4rBhuBSTQ03VK', '0']",
346,1,Wall,1,ARC,Wall_346,,,rewritten,,,228.0,,[333],,,"['2phb4LYfH6ERu7VkkEK4h0', '0x8tDwgKz4rBhuBSTQ03Vs', '0']",
347,1,Wall,1,ARC,Wall_347,,,rewritten,,,228.0,,[333],,,"['2phb4LYfH6ERu7VkkEK4h0', '0x8tDwgKz4rBhuBSTQ03Vs', '1']",
348,1,Wall,1,ARC,Wall_348,,,face,,,228.0,,[289],,,"['2phb4LYfH6ERu7VkkEK4h0', '0x8tDwgKz4rBhuBSTQ03Sz', '0']",
349,1,Wall,1,ARC,Wall_349,,,face,,,258.0,,[4],,,"['26kn7MqLL9oOOTivXpgDH8', '2Vw5Ga4Dz31wA6t7ociBwO', '0']",
350,1,Wall,1,ARC,Wall_350,,,face,,,261.0,,[308],,,"['39AcnEtunBZuCxNSP5Zgu2', '0x8tDwgKz4rBhuBSTQ03VM', '0']",
351,1,Wall,1,ARC,Wall_351,,,face,,,31.0,,[332],,,"['3P6tvjgV9AA81fRmsqfbI8', '0x8tDwgKz4rBhuBSTQ03Vr', '0']",
352,1,Wall,1,ARC,Wall_352,,,face,,,228.0,,[288],,,"['2phb4LYfH6ERu7VkkEK4h0', '0x8tDwgKz4rBhuBSTQ03Sy', '0']",
353,1,Wall,1,ARC,Wall_353,,,face,,,102.0,,[310],,,"['26kn7MqLL9oOOTivXpgCVG', '0x8tDwgKz4rBhuBSTQ03VO', '0']",
354,1,Wall,1,ARC,Wall_354,,,face,,,228.0,,[295],,,"['2phb4LYfH6ERu7VkkEK4h0', '0x8tDwgKz4rBhuBSTQ03V3', '0']",
355,1,Wall,1,ARC,Wall_355,,,face,,,258.0,,[339],,,"['26kn7MqLL9oOOTivXpgDH8', '3ieRYLDdzA7A223TPufEMy', '0']",
356,1,Wall,1,ARC,Wall_356,,,rewritten,,,111.0,,[324],,,"['2VuhFQabH3JOql_RiqfUMx', '0x8tDwgKz4rBhuBSTQ03Vh', '0']",
357,1,Wall,1,ARC,Wall_357,,,face,,,228.0,,[303],,,"['2phb4LYfH6ERu7VkkEK4h0', '0x8tDwgKz4rBhuBSTQ03VF', '0']",
358,1,Wall,1,ARC,Wall_358,,,rewritten,,,115.0,,[7],,,"['26kn7MqLL9oOOTivXpg2LS', '2Vw5Ga4Dz31wA6t7ociBOC', '0']",
359,1,Wall,1,ARC,Wall_359,,,rewritten,,,115.0,,[7],,,"['26kn7MqLL9oOOTivXpg2LS', '2Vw5Ga4Dz31wA6t7ociBOC', '1']",
360,1,Wall,1,ARC,Wall_360,,,face,,,258.0,,[320],,,"['26kn7MqLL9oOOTivXpgDH8', '0x8tDwgKz4rBhuBSTQ03Va', '0']",
361,1,Wall,1,ARC,Wall_361,,,face,,,228.0,,[293],,,"['2phb4LYfH6ERu7VkkEK4h0', '0x8tDwgKz4rBhuBSTQ03V1', '0']",
362,1,Wall,1,ARC,Wall_362,,,rewritten,,,60.0,,[332],,,"['0fo82U50nDWhMj5k9OCNaz', '0x8tDwgKz4rBhuBSTQ03Vr', '1']",
363,1,Wall,1,ARC,Wall_363,,,rewritten,,,60.0,,[332],,,"['0fo82U50nDWhMj5k9OCNaz', '0x8tDwgKz4rBhuBSTQ03Vr', '0']",
364,1,Wall,1,ARC,Wall_364,,,face,,,247.0,,[326],,,"['26kn7MqLL9oOOTivXpgF_N', '0x8tDwgKz4rBhuBSTQ03Vj', '0']",
365,1,Wall,1,ARC,Wall_365,,,face,,,60.0,,[290],,,"['0fo82U50nDWhMj5k9OCNaz', '0x8tDwgKz4rBhuBSTQ03S_', '0']",
366,1,Wall,1,ARC,Wall_366,,,rewritten,,,115.0,,[317],,,"['26kn7MqLL9oOOTivXpg2LS', '0x8tDwgKz4rBhuBSTQ03VX', '1']",
367,1,Wall,1,ARC,Wall_367,,,rewritten,,,115.0,,[317],,,"['26kn7MqLL9oOOTivXpg2LS', '0x8tDwgKz4rBhuBSTQ03VX', '0']",
368,1,Wall,1,ARC,Wall_368,,,face,,,108.0,,[2],,,"['26kn7MqLL9oOOTivXpgC1F', '3ieRYLDdzA7A223TPufEJF', '0']",
369,1,Wall,1,ARC,Wall_369,,,face,,,35.0,,[333],,,"['0fo82U50nDWhMj5k9OCN$R', '0x8tDwgKz4rBhuBSTQ03Vs', '0']",
370,1,Wall,1,ARC,Wall_370,,,face,,,258.0,,[318],,,"['26kn7MqLL9oOOTivXpgDH8', '0x8tDwgKz4rBhuBSTQ03VY', '0']",
371,1,Wall,1,ARC,Wall_371,,,rewritten,,,108.0,,[3],,,"['26kn7MqLL9oOOTivXpgC1F', '3ieRYLDdzA7A223TPufEIC', '0']",
372,1,Wall,1,ARC,Wall_372,,,rewritten,,,108.0,,[3],,,"['26kn7MqLL9oOOTivXpgC1F', '3ieRYLDdzA7A223TPufEIC', '1']",
373,3,Ceiling,1,ARC,Ceiling_373,,,face,,,27.0,,[119],,,"['08Kju84ofEuAMc6WrE1A36', '0x8tDwgKz4rBhuBSTQ03Sx', '0']",
374,1,Wall,1,ARC,Wall_374,,,face,,,258.0,,[310],,,"['26kn7MqLL9oOOTivXpgDH8', '0x8tDwgKz4rBhuBSTQ03VO', '0']",
375,1,Wall,1,ARC,Wall_375,,,face,,,228.0,,[297],,,"['2phb4LYfH6ERu7VkkEK4h0', '0x8tDwgKz4rBhuBSTQ03V5', '0']",
376,1,Wall,1,ARC,Wall_376,,,rewritten,,,228.0,,[332],,,"['2phb4LYfH6ERu7VkkEK4h0', '0x8tDwgKz4rBhuBSTQ03Vr', '1']",
377,1,Wall,1,ARC,Wall_377,,,rewritten,,,228.0,,[332],,,"['2phb4LYfH6ERu7VkkEK4h0', '0x8tDwgKz4rBhuBSTQ03Vr', '0']",
378,1,Wall,1,ARC,Wall_378,,,face,,,68.0,,[8],,,"['26kn7MqLL9oOOTivXpgEc8', '2Vw5Ga4Dz31wA6t7ociBOo', '0']",
379,1,Wall,1,ARC,Wall_379,,,face,,,261.0,,[311],,,"['39AcnEtunBZuCxNSP5Zgu2', '0x8tDwgKz4rBhuBSTQ03VQ', '0']",
380,1,Wall,1,ARC,Wall_380,,,face,,,228.0,,[307],,,"['2phb4LYfH6ERu7VkkEK4h0', '0x8tDwgKz4rBhuBSTQ03VL', '0']",
381,1,Wall,1,ARC,Wall_381,,,face,,,258.0,,[308],,,"['26kn7MqLL9oOOTivXpgDH8', '0x8tDwgKz4rBhuBSTQ03VM', '0']",
382,1,Wall,1,ARC,Wall_382,,,face,,,68.0,,[298],,,"['26kn7MqLL9oOOTivXpgEc8', '0x8tDwgKz4rBhuBSTQ03V7', '0']",
383,1,Wall,1,ARC,Wall_383,,,face,,,228.0,,[305],,,"['2phb4LYfH6ERu7VkkEK4h0', '0x8tDwgKz4rBhuBSTQ03VJ', '0']",
384,1,Wall,1,ARC,Wall_384,,,face,,,258.0,,[314],,,"['26kn7MqLL9oOOTivXpgDH8', '0x8tDwgKz4rBhuBSTQ03VT', '0']",
385,1,Wall,1,ARC,Wall_385,,,face,,,258.0,,[322],,,"['26kn7MqLL9oOOTivXpgDH8', '0x8tDwgKz4rBhuBSTQ03Vf', '0']",
386,1,Wall,1,ARC,Wall_386,,,face,,,261.0,,[290],,,"['39AcnEtunBZuCxNSP5Zgu2', '0x8tDwgKz4rBhuBSTQ03S_', '0']",
387,1,Wall,1,ARC,Wall_387,,,face,,,258.0,,[323],,,"['26kn7MqLL9oOOTivXpgDH8', '0x8tDwgKz4rBhuBSTQ03Vg', '0']",
388,1,Wall,1,ARC,Wall_388,,,face,,,228.0,,[336],,,"['2phb4LYfH6ERu7VkkEK4h0', '34s_9XZVj4dvcc98NZ_zWR', '0']",
389,1,Wall,1,ARC,Wall_389,,,face,,,228.0,,[294],,,"['2phb4LYfH6ERu7VkkEK4h0', '0x8tDwgKz4rBhuBSTQ03V2', '0']",
390,1,Wall,1,ARC,Wall_390,,,rewritten,,,68.0,,[7],,,"['26kn7MqLL9oOOTivXpgEc8', '2Vw5Ga4Dz31wA6t7ociBOC', '1']",
391,1,Wall,1,ARC,Wall_391,,,rewritten,,,68.0,,[7],,,"['26kn7MqLL9oOOTivXpgEc8', '2Vw5Ga4Dz31wA6t7ociBOC', '0']",
392,1,Wall,1,ARC,Wall_392,,,face,,,228.0,,[302],,,"['2phb4LYfH6ERu7VkkEK4h0', '0x8tDwgKz4rBhuBSTQ03VE', '0']",
393,1,Wall,1,ARC,Wall_393,,,rewritten,,,68.0,,[338],,,"['26kn7MqLL9oOOTivXpgEc8', '34s_9XZVj4dvcc98NZ_z89', '0']",
394,1,Wall,1,ARC,Wall_394,,,rewritten,,,68.0,,[338],,,"['26kn7MqLL9oOOTivXpgEc8', '34s_9XZVj4dvcc98NZ_z89', '1']",
395,1,Wall,1,ARC,Wall_395,,,face,,,111.0,,[321],,,"['2VuhFQabH3JOql_RiqfUMx', '0x8tDwgKz4rBhuBSTQ03Vd', '0']",
396,1,Wall,1,ARC,Wall_396,,,face,,,258.0,,[330],,,"['26kn7MqLL9oOOTivXpgDH8', '0x8tDwgKz4rBhuBSTQ03Vo', '0']",
397,1,Wall,1,ARC,Wall_397,,,face,,,247.0,,[325],,,"['26kn7MqLL9oOOTivXpgF_N', '0x8tDwgKz4rBhuBSTQ03Vi', '0']",
398,1,Wall,1,ARC,Wall_398,,,face,,,228.0,,[301],,,"['2phb4LYfH6ERu7VkkEK4h0', '0x8tDwgKz4rBhuBSTQ03VD', '0']",
399,1,Wall,1,ARC,Wall_399,,,face,,,228.0,,[317],,,"['2phb4LYfH6ERu7VkkEK4h0', '0x8tDwgKz4rBhuBSTQ03VX', '0']",
400,1,Wall,1,ARC,Wall_400,,,face,,,258.0,,[319],,,"['26kn7MqLL9oOOTivXpgDH8', '0x8tDwgKz4rBhuBSTQ03VZ', '0']",
401,1,Wall,1,ARC,Wall_401,,,face,,,247.0,,[340],,,"['26kn7MqLL9oOOTivXpgF_N', '3ieRYLDdzA7A223TPufELQ', '0']",
402,1,Wall,1,ARC,Wall_402,,,face,,,258.0,,[312],,,"['26kn7MqLL9oOOTivXpgDH8', '0x8tDwgKz4rBhuBSTQ03VR', '0']",
403,1,Wall,1,ARC,Wall_403,,,face,,,228.0,,[291],,,"['2phb4LYfH6ERu7VkkEK4h0', '0x8tDwgKz4rBhuBSTQ03S$', '0']",
404,1,Wall,1,ARC,Wall_404,,,face,,,228.0,,[292],,,"['2phb4LYfH6ERu7VkkEK4h0', '0x8tDwgKz4rBhuBSTQ03V0', '0']",
405,1,Wall,1,ARC,Wall_405,,,face,,,115.0,,[299],,,"['26kn7MqLL9oOOTivXpg2LS', '0x8tDwgKz4rBhuBSTQ03V8', '0']",
406,1,Wall,1,ARC,Wall_406,,,face,,,261.0,,[3],,,"['39AcnEtunBZuCxNSP5Zgu2', '3ieRYLDdzA7A223TPufEIC', '0']",
407,1,Wall,1,ARC,Wall_407,,,face,,,258.0,,[309],,,"['26kn7MqLL9oOOTivXpgDH8', '0x8tDwgKz4rBhuBSTQ03VN', '0']",
408,1,Wall,1,ARC,Wall_408,,,face,,,228.0,,[298],,,"['2phb4LYfH6ERu7VkkEK4h0', '0x8tDwgKz4rBhuBSTQ03V7', '0']",
409,1,Wall,1,ARC,Wall_409,,,face,,,228.0,,[340],,,"['2phb4LYfH6ERu7VkkEK4h0', '3ieRYLDdzA7A223TPufELQ', '0']",
410,1,Wall,1,ARC,Wall_410,,,face,,,258.0,,[341],,,"['26kn7MqLL9oOOTivXpgDH8', '3ieRYLDdzA7A223TPufELI', '0']",
411,1,Wall,1,ARC,Wall_411,,,face,,,258.0,,[315],,,"['26kn7MqLL9oOOTivXpgDH8', '0x8tDwgKz4rBhuBSTQ03VU', '0']",
412,1,Wall,1,ARC,Wall_412,,,face,,,228.0,,[296],,,"['2phb4LYfH6ERu7VkkEK4h0', '0x8tDwgKz4rBhuBSTQ03V4', '0']",
413,1,Wall,1,ARC,Wall_413,,,face,,,261.0,,[334],,,"['39AcnEtunBZuCxNSP5Zgu2', '0x8tDwgKz4rBhuBSTQ0377', '0']",
414,1,Wall,1,ARC,Wall_414,,,face,,,228.0,,[306],,,"['2phb4LYfH6ERu7VkkEK4h0', '0x8tDwgKz4rBhuBSTQ03VK', '0']",
415,1,Wall,1,ARC,Wall_415,,,face,,,258.0,,[325],,,"['26kn7MqLL9oOOTivXpgDH8', '0x8tDwgKz4rBhuBSTQ03Vi', '0']",
416,1,Wall,1,ARC,Wall_416,,,face,,,228.0,,[338],,,"['2phb4LYfH6ERu7VkkEK4h0', '34s_9XZVj4dvcc98NZ_z89', '0']",
417,1,Wall,1,ARC,Wall_417,,,face,,,228.0,,[337],,,"['2phb4LYfH6ERu7VkkEK4h0', '34s_9XZVj4dvcc98NZ_zXW', '0']",
418,1,Wall,1,ARC,Wall_418,,,face,,,108.0,,[8],,,"['26kn7MqLL9oOOTivXpgC1F', '2Vw5Ga4Dz31wA6t7ociBOo', '0']",
419,1,Wall,1,ARC,Wall_419,,,face,,,228.0,,[304],,,"['2phb4LYfH6ERu7VkkEK4h0', '0x8tDwgKz4rBhuBSTQ03VI', '0']",
420,1,Wall,1,ARC,Wall_420,,,face,,,258.0,,[331],,,"['26kn7MqLL9oOOTivXpgDH8', '0x8tDwgKz4rBhuBSTQ03Vp', '0']",
421,1,Wall,1,ARC,Wall_421,,,face,,,31.0,,[288],,,"['3P6tvjgV9AA81fRmsqfbI8', '0x8tDwgKz4rBhuBSTQ03Sy', '0']",
422,1,Wall,1,ARC,Wall_422,,,face,,,35.0,,[334],,,"['0fo82U50nDWhMj5k9OCN$R', '0x8tDwgKz4rBhuBSTQ0377', '0']",
423,1,Wall,1,ARC,Wall_423,,,rewritten,,,60.0,,[333],,,"['0fo82U50nDWhMj5k9OCNaz', '0x8tDwgKz4rBhuBSTQ03Vs', '0']",
424,1,Wall,1,ARC,Wall_424,,,face,,,258.0,,[335],,,"['26kn7MqLL9oOOTivXpgDH8', '34s_9XZVj4dvcc98NZ_yKB', '0']",
425,1,Wall,1,ARC,Wall_425,,,face,,,258.0,,[313],,,"['26kn7MqLL9oOOTivXpgDH8', '0x8tDwgKz4rBhuBSTQ03VS', '0']",
426,1,Wall,1,ARC,Wall_426,,,face,,,247.0,,[324],,,"['26kn7MqLL9oOOTivXpgF_N', '0x8tDwgKz4rBhuBSTQ03Vh', '0']",
427,1,Wall,1,ARC,Wall_427,,,rewritten,,,102.0,,[331],,,"['26kn7MqLL9oOOTivXpgCVG', '0x8tDwgKz4rBhuBSTQ03Vp', '0']",
428,1,Wall,1,ARC,Wall_428,,,face,,,228.0,,[300],,,"['2phb4LYfH6ERu7VkkEK4h0', '0x8tDwgKz4rBhuBSTQ03VC', '0']",
429,1,Wall,1,ARC,Wall_429,,,face,,,228.0,,[299],,,"['2phb4LYfH6ERu7VkkEK4h0', '0x8tDwgKz4rBhuBSTQ03V8', '0']",
430,1,Wall,1,ARC,Wall_430,,,face,,,89.0,,[307],,,"['26kn7MqLL9oOOTivXpgFkA', '0x8tDwgKz4rBhuBSTQ03VL', '0']",
431,2,Floor,1,ARC,Floor_431,,,face,,,13.0,,[290],,,"['0a$DTcOc10$eWx3Py5JFns', '0x8tDwgKz4rBhuBSTQ03S_', '0']",
432,1,Wall,1,ARC,Wall_432,,,face,,,80.0,,[0],,,"['26kn7MqLL9oOOTivXpg2j8', '3ieRYLDdzA7A223TPufEJK', '0']",
433,2,Floor,1,ARC,Floor_433,,,face,,,13.0,,[298],,,"['0a$DTcOc10$eWx3Py5JFns', '0x8tDwgKz4rBhuBSTQ03V7', '0']",
434,2,Floor,1,ARC,Floor_434,,,face,,,13.0,,[340],,,"['0a$DTcOc10$eWx3Py5JFns', '3ieRYLDdzA7A223TPufELQ', '0']",
435,2,Floor,1,ARC,Floor_435,,,face,,,13.0,,[321],,,"['0a$DTcOc10$eWx3Py5JFns', '0x8tDwgKz4rBhuBSTQ03Vd', '0']",
436,1,Wall,1,ARC,Wall_436,,,face,,,37.0,,[291],,,"['26kn7MqLL9oOOTivXpg94S', '0x8tDwgKz4rBhuBSTQ03S$', '0']",
437,1,Wall,1,ARC,Wall_437,,,face,,,59.0,,[309],,,"['26kn7MqLL9oOOTivXpgCSM', '0x8tDwgKz4rBhuBSTQ03VN', '0']",
438,1,Wall,1,ARC,Wall_438,,,face,,,243.0,,[319],,,"['1XD1GHfzD6cunMzxtqLi4o', '0x8tDwgKz4rBhuBSTQ03VZ', '0']",
439,2,Floor,1,ARC,Floor_439,,,face,,,13.0,,[307],,,"['0a$DTcOc10$eWx3Py5JFns', '0x8tDwgKz4rBhuBSTQ03VL', '0']",
440,1,Wall,1,ARC,Wall_440,,,face,,,80.0,,[327],,,"['26kn7MqLL9oOOTivXpg2j8', '0x8tDwgKz4rBhuBSTQ03Vl', '0']",
441,3,Ceiling,1,ARC,Ceiling_441,,,face,,,193.0,,[0],,,"['1T7BPQ_hn69uk5$Jp8cv9q', '3ieRYLDdzA7A223TPufEJK', '0']",
442,3,Ceiling,1,ARC,Ceiling_442,,,face,,,181.0,,[304],,,"['1T7BPQ_hn69uk5$Jp8cvL3', '0x8tDwgKz4rBhuBSTQ03VI', '0']",
443,3,Ceiling,1,ARC,Ceiling_443,,,face,,,201.0,,[310],,,"['1T7BPQ_hn69uk5$Jp8cv8Y', '0x8tDwgKz4rBhuBSTQ03VO', '0']",
444,2,Floor,1,ARC,Floor_444,,,face,,,13.0,,[306],,,"['0a$DTcOc10$eWx3Py5JFns', '0x8tDwgKz4rBhuBSTQ03VK', '0']",
445,1,Wall,1,ARC,Wall_445,,,face,,,223.0,,[291],,,"['3P6tvjgV9AA81fRmsqfbLY', '0x8tDwgKz4rBhuBSTQ03S$', '0']",
446,1,Wall,1,ARC,Wall_446,,,face,,,44.0,,[295],,,"['26kn7MqLL9oOOTivXpg954', '0x8tDwgKz4rBhuBSTQ03V3', '0']",
447,1,Wall,1,ARC,Wall_447,,,face,,,243.0,,[327],,,"['1XD1GHfzD6cunMzxtqLi4o', '0x8tDwgKz4rBhuBSTQ03Vl', '0']",
448,2,Floor,1,ARC,Floor_448,,,face,,,13.0,,[331],,,"['0a$DTcOc10$eWx3Py5JFns', '0x8tDwgKz4rBhuBSTQ03Vp', '0']",
449,1,Wall,1,ARC,Wall_449,,,face,,,223.0,,[292],,,"['3P6tvjgV9AA81fRmsqfbLY', '0x8tDwgKz4rBhuBSTQ03V0', '0']",
450,1,Wall,1,ARC,Wall_450,,,face,,,243.0,,[0],,,"['1XD1GHfzD6cunMzxtqLi4o', '3ieRYLDdzA7A223TPufEJK', '0']",
451,3,Ceiling,1,ARC,Ceiling_451,,,face,,,166.0,,[299],,,"['1T7BPQ_hn69uk5$Jp8cvGw', '0x8tDwgKz4rBhuBSTQ03V8', '0']",
452,1,Wall,1,ARC,Wall_452,,,face,,,44.0,,[294],,,"['26kn7MqLL9oOOTivXpg954', '0x8tDwgKz4rBhuBSTQ03V2', '0']",
453,1,Wall,1,ARC,Wall_453,,,face,,,52.0,,[336],,,"['26kn7MqLL9oOOTivXpgFz3', '34s_9XZVj4dvcc98NZ_zWR', '0']",
454,2,Floor,1,ARC,Floor_454,,,face,,,13.0,,[305],,,"['0a$DTcOc10$eWx3Py5JFns', '0x8tDwgKz4rBhuBSTQ03VJ', '0']",
455,3,Ceiling,1,ARC,Ceiling_455,,,face,,,183.0,,[306],,,"['1T7BPQ_hn69uk5$Jp8cvKp', '0x8tDwgKz4rBhuBSTQ03VK', '0']",
456,1,Wall,1,ARC,Wall_456,,,face,,,74.0,,[301],,,"['26kn7MqLL9oOOTivXpgFzp', '0x8tDwgKz4rBhuBSTQ03VD', '0']",
457,1,Wall,1,ARC,Wall_457,,,rewritten,,,93.0,,[7],,,"['26kn7MqLL9oOOTivXpgEI0', '2Vw5Ga4Dz31wA6t7ociBOC', '1']",
458,1,Wall,1,ARC,Wall_458,,,rewritten,,,93.0,,[7],,,"['26kn7MqLL9oOOTivXpgEI0', '2Vw5Ga4Dz31wA6t7ociBOC', '0']",
459,2,Floor,1,ARC,Floor_459,,,face,,,13.0,,[304],,,"['0a$DTcOc10$eWx3Py5JFns', '0x8tDwgKz4rBhuBSTQ03VI', '0']",
460,1,Wall,1,ARC,Wall_460,,,rewritten,,,124.0,,[339],,,"['2VuhFQabH3JOql_RiqfUSN', '3ieRYLDdzA7A223TPufEMy', '0']",
461,1,Wall,1,ARC,Wall_461,,,rewritten,,,124.0,,[339],,,"['2VuhFQabH3JOql_RiqfUSN', '3ieRYLDdzA7A223TPufEMy', '1']",
462,3,Ceiling,1,ARC,Ceiling_462,,,face,,,163.0,,[296],,,"['1T7BPQ_hn69uk5$Jp8cvHU', '0x8tDwgKz4rBhuBSTQ03V4', '0']",
463,3,Ceiling,1,ARC,Ceiling_463,,,face,,,206.0,,[288],,,"['1T7BPQ_hn69uk5$Jp8cvIT', '0x8tDwgKz4rBhuBSTQ03Sy', '0']",
464,1,Wall,1,ARC,Wall_464,,,rewritten,,,113.0,,[331],,,"['26kn7MqLL9oOOTivXpgCW4', '0x8tDwgKz4rBhuBSTQ03Vp', '1']",
465,1,Wall,1,ARC,Wall_465,,,rewritten,,,113.0,,[331],,,"['26kn7MqLL9oOOTivXpgCW4', '0x8tDwgKz4rBhuBSTQ03Vp', '0']",
466,2,Floor,1,ARC,Floor_466,,,face,,,13.0,,[336],,,"['0a$DTcOc10$eWx3Py5JFns', '34s_9XZVj4dvcc98NZ_zWR', '0']",
467,2,Floor,1,ARC,Floor_467,,,face,,,13.0,,[335],,,"['0a$DTcOc10$eWx3Py5JFns', '34s_9XZVj4dvcc98NZ_yKB', '0']",
468,1,Wall,1,ARC,Wall_468,,,face,,,88.0,,[319],,,"['26kn7MqLL9oOOTivXpg2EW', '0x8tDwgKz4rBhuBSTQ03VZ', '0']",
469,2,Floor,1,ARC,Floor_469,,,face,,,13.0,,[313],,,"['0a$DTcOc10$eWx3Py5JFns', '0x8tDwgKz4rBhuBSTQ03VS', '0']",
470,3,Ceiling,1,ARC,Ceiling_470,,,face,,,180.0,,[305],,,"['1T7BPQ_hn69uk5$Jp8cvLR', '0x8tDwgKz4rBhuBSTQ03VJ', '0']",
471,2,Floor,1,ARC,Floor_471,,,face,,,13.0,,[329],,,"['0a$DTcOc10$eWx3Py5JFns', '0x8tDwgKz4rBhuBSTQ03Vn', '0']",
472,1,Wall,1,ARC,Wall_472,,,face,,,71.0,,[315],,,"['26kn7MqLL9oOOTivXpgDJf', '0x8tDwgKz4rBhuBSTQ03VU', '0']",
473,1,Wall,1,ARC,Wall_473,,,face,,,243.0,,[1],,,"['1XD1GHfzD6cunMzxtqLi4o', '3ieRYLDdzA7A223TPufEIb', '0']",
474,3,Ceiling,1,ARC,Ceiling_474,,,face,,,199.0,,[330],,,"['1T7BPQ_hn69uk5$Jp8cv99', '0x8tDwgKz4rBhuBSTQ03Vo', '0']",
475,3,Ceiling,1,ARC,Ceiling_475,,,face,,,187.0,,[336],,,"['1T7BPQ_hn69uk5$Jp8cvMB', '34s_9XZVj4dvcc98NZ_zWR', '0']",
476,3,Ceiling,1,ARC,Ceiling_476,,,face,,,170.0,,[4],,,"['1T7BPQ_hn69uk5$Jp8cvGF', '2Vw5Ga4Dz31wA6t7ociBwO', '0']",
477,3,Ceiling,1,ARC,Ceiling_477,,,face,,,151.0,,[3],,,"['1T7BPQ_hn69uk5$Jp8cvJ4', '3ieRYLDdzA7A223TPufEIC', '0']",
478,1,Wall,1,ARC,Wall_478,,,face,,,223.0,,[296],,,"['3P6tvjgV9AA81fRmsqfbLY', '0x8tDwgKz4rBhuBSTQ03V4', '0']",
479,1,Wall,1,ARC,Wall_479,,,rewritten,,,110.0,,[335],,,"['26kn7MqLL9oOOTivXpgCQd', '34s_9XZVj4dvcc98NZ_yKB', '1']",
480,1,Wall,1,ARC,Wall_480,,,rewritten,,,110.0,,[335],,,"['26kn7MqLL9oOOTivXpgCQd', '34s_9XZVj4dvcc98NZ_yKB', '0']",
481,1,Wall,1,ARC,Wall_481,,,rewritten,,,245.0,,[321],,,"['26kn7MqLL9oOOTivXpgF_a', '0x8tDwgKz4rBhuBSTQ03Vd', '8']",
482,1,Wall,1,ARC,Wall_482,,,rewritten,,,245.0,,[321],,,"['26kn7MqLL9oOOTivXpgF_a', '0x8tDwgKz4rBhuBSTQ03Vd', '7']",
483,1,Wall,1,ARC,Wall_483,,,rewritten,,,245.0,,[321],,,"['26kn7MqLL9oOOTivXpgF_a', '0x8tDwgKz4rBhuBSTQ03Vd', '6']",
484,1,Wall,1,ARC,Wall_484,,,rewritten,,,245.0,,[321],,,"['26kn7MqLL9oOOTivXpgF_a', '0x8tDwgKz4rBhuBSTQ03Vd', '5']",
485,1,Wall,1,ARC,Wall_485,,,rewritten,,,245.0,,[321],,,"['26kn7MqLL9oOOTivXpgF_a', '0x8tDwgKz4rBhuBSTQ03Vd', '4']",
486,1,Wall,1,ARC,Wall_486,,,rewritten,,,245.0,,[321],,,"['26kn7MqLL9oOOTivXpgF_a', '0x8tDwgKz4rBhuBSTQ03Vd', '3']",
487,1,Wall,1,ARC,Wall_487,,,rewritten,,,245.0,,[321],,,"['26kn7MqLL9oOOTivXpgF_a', '0x8tDwgKz4rBhuBSTQ03Vd', '2']",
488,1,Wall,1,ARC,Wall_488,,,rewritten,,,245.0,,[321],,,"['26kn7MqLL9oOOTivXpgF_a', '0x8tDwgKz4rBhuBSTQ03Vd', '1']",
489,1,Wall,1,ARC,Wall_489,,,rewritten,,,245.0,,[321],,,"['26kn7MqLL9oOOTivXpgF_a', '0x8tDwgKz4rBhuBSTQ03Vd', '0']",
490,1,Wall,1,ARC,Wall_490,,,rewritten,,,113.0,,[335],,,"['26kn7MqLL9oOOTivXpgCW4', '34s_9XZVj4dvcc98NZ_yKB', '0']",
491,3,Ceiling,1,ARC,Ceiling_491,,,face,,,265.0,,[338],,,"['383DO$PSjCThEOrX4PKqjx', '34s_9XZVj4dvcc98NZ_z89', '0']",
492,3,Ceiling,1,ARC,Ceiling_492,,,face,,,214.0,,[332],,,"['383DO$PSjCThEOrX4PKqiF', '0x8tDwgKz4rBhuBSTQ03Vr', '0']",
493,1,Wall,1,ARC,Wall_493,,,face,,,128.0,,[337],,,"['34s_9XZVj4dvcc98NZ_yV0', '34s_9XZVj4dvcc98NZ_zXW', '0']",
494,1,Wall,1,ARC,Wall_494,,,face,,,245.0,,[307],,,"['26kn7MqLL9oOOTivXpgF_a', '0x8tDwgKz4rBhuBSTQ03VL', '0']",
495,3,Ceiling,1,ARC,Ceiling_495,,,face,,,169.0,,[7],,,"['1T7BPQ_hn69uk5$Jp8cvGY', '2Vw5Ga4Dz31wA6t7ociBOC', '0']",
496,1,Wall,1,ARC,Wall_496,,,face,,,116.0,,[315],,,"['26kn7MqLL9oOOTivXpg2dx', '0x8tDwgKz4rBhuBSTQ03VU', '0']",
497,3,Ceiling,1,ARC,Ceiling_497,,,face,,,147.0,,[335],,,"['1T7BPQ_hn69uk5$Jp8cvJS', '34s_9XZVj4dvcc98NZ_yKB', '0']",
498,3,Ceiling,1,ARC,Ceiling_498,,,face,,,192.0,,[325],,,"['1T7BPQ_hn69uk5$Jp8cvBc', '0x8tDwgKz4rBhuBSTQ03Vi', '0']",
499,2,Floor,1,ARC,Floor_499,,,face,,,13.0,,[327],,,"['0a$DTcOc10$eWx3Py5JFns', '0x8tDwgKz4rBhuBSTQ03Vl', '0']",
500,1,Wall,1,ARC,Wall_500,,,face,,,99.0,,[323],,,"['2VuhFQabH3JOql_RiqfUVl', '0x8tDwgKz4rBhuBSTQ03Vg', '0']",
501,1,Wall,1,ARC,Wall_501,,,face,,,76.0,,[312],,,"['26kn7MqLL9oOOTivXpg2re', '0x8tDwgKz4rBhuBSTQ03VR', '0']",
502,1,Wall,1,ARC,Wall_502,,,face,,,67.0,,[329],,,"['26kn7MqLL9oOOTivXpgDiH', '0x8tDwgKz4rBhuBSTQ03Vn', '0']",
503,1,Wall,1,ARC,Wall_503,,,face,,,109.0,,[0],,,"['26kn7MqLL9oOOTivXpgDcn', '3ieRYLDdzA7A223TPufEJK', '0']",
504,1,Wall,1,ARC,Wall_504,,,face,,,30.0,,[298],,,"['26kn7MqLL9oOOTivXpgE3v', '0x8tDwgKz4rBhuBSTQ03V7', '0']",
505,1,Wall,1,ARC,Wall_505,,,face,,,223.0,,[338],,,"['3P6tvjgV9AA81fRmsqfbLY', '34s_9XZVj4dvcc98NZ_z89', '0']",
506,1,Wall,1,ARC,Wall_506,,,rewritten,,,75.0,,[335],,,"['26kn7MqLL9oOOTivXpg2uw', '34s_9XZVj4dvcc98NZ_yKB', '0']",
507,1,Wall,1,ARC,Wall_507,,,rewritten,,,243.0,,[8],,,"['1XD1GHfzD6cunMzxtqLi4o', '2Vw5Ga4Dz31wA6t7ociBOo', '0']",
508,1,Wall,1,ARC,Wall_508,,,rewritten,,,243.0,,[8],,,"['1XD1GHfzD6cunMzxtqLi4o', '2Vw5Ga4Dz31wA6t7ociBOo', '1']",
509,1,Wall,1,ARC,Wall_509,,,rewritten,,,243.0,,[8],,,"['1XD1GHfzD6cunMzxtqLi4o', '2Vw5Ga4Dz31wA6t7ociBOo', '2']",
510,1,Wall,1,ARC,Wall_510,,,rewritten,,,243.0,,[8],,,"['1XD1GHfzD6cunMzxtqLi4o', '2Vw5Ga4Dz31wA6t7ociBOo', '3']",
511,1,Wall,1,ARC,Wall_511,,,rewritten,,,243.0,,[8],,,"['1XD1GHfzD6cunMzxtqLi4o', '2Vw5Ga4Dz31wA6t7ociBOo', '4']",
512,1,Wall,1,ARC,Wall_512,,,rewritten,,,243.0,,[8],,,"['1XD1GHfzD6cunMzxtqLi4o', '2Vw5Ga4Dz31wA6t7ociBOo', '5']",
513,1,Wall,1,ARC,Wall_513,,,rewritten,,,243.0,,[8],,,"['1XD1GHfzD6cunMzxtqLi4o', '2Vw5Ga4Dz31wA6t7ociBOo', '6']",
514,1,Wall,1,ARC,Wall_514,,,rewritten,,,243.0,,[8],,,"['1XD1GHfzD6cunMzxtqLi4o', '2Vw5Ga4Dz31wA6t7ociBOo', '7']",
515,1,Wall,1,ARC,Wall_515,,,rewritten,,,243.0,,[8],,,"['1XD1GHfzD6cunMzxtqLi4o', '2Vw5Ga4Dz31wA6t7ociBOo', '8']",
516,1,Wall,1,ARC,Wall_516,,,face,,,150.0,,[339],,,"['2VuhFQabH3JOql_RiqfURw', '3ieRYLDdzA7A223TPufEMy', '0']",
517,1,Wall,1,ARC,Wall_517,,,face,,,12.0,,[333],,,"['0fo82U50nDWhMj5k9OCN$7', '0x8tDwgKz4rBhuBSTQ03Vs', '0']",
518,3,Ceiling,1,ARC,Ceiling_518,,,face,,,159.0,,[291],,,"['1T7BPQ_hn69uk5$Jp8cvID', '0x8tDwgKz4rBhuBSTQ03S$', '0']",
519,1,Wall,1,ARC,Wall_519,,,face,,,129.0,,[329],,,"['26kn7MqLL9oOOTivXpgDDc', '0x8tDwgKz4rBhuBSTQ03Vn', '0']",
520,2,Floor,1,ARC,Floor_520,,,face,,,13.0,,[316],,,"['0a$DTcOc10$eWx3Py5JFns', '0x8tDwgKz4rBhuBSTQ03VV', '0']",
521,1,Wall,1,ARC,Wall_521,,,face,,,6.0,,[333],,,"['0fo82U50nDWhMj5k9OCN$b', '0x8tDwgKz4rBhuBSTQ03Vs', '0']",
522,1,Wall,1,ARC,Wall_522,,,rewritten,,,129.0,,[328],,,"['26kn7MqLL9oOOTivXpgDDc', '0x8tDwgKz4rBhuBSTQ03Vm', '0']",
523,1,Wall,1,ARC,Wall_523,,,rewritten,,,129.0,,[328],,,"['26kn7MqLL9oOOTivXpgDDc', '0x8tDwgKz4rBhuBSTQ03Vm', '1']",
524,1,Wall,1,ARC,Wall_524,,,face,,,245.0,,[305],,,"['26kn7MqLL9oOOTivXpgF_a', '0x8tDwgKz4rBhuBSTQ03VJ', '0']",
525,3,Ceiling,1,ARC,Ceiling_525,,,face,,,191.0,,[321],,,"['1T7BPQ_hn69uk5$Jp8cvAW', '0x8tDwgKz4rBhuBSTQ03Vd', '0']",
526,3,Ceiling,1,ARC,Ceiling_526,,,face,,,179.0,,[301],,,"['1T7BPQ_hn69uk5$Jp8cvLh', '0x8tDwgKz4rBhuBSTQ03VD', '0']",
527,1,Wall,1,ARC,Wall_527,,,rewritten,,,243.0,,[321],,,"['1XD1GHfzD6cunMzxtqLi4o', '0x8tDwgKz4rBhuBSTQ03Vd', '0']",
528,1,Wall,1,ARC,Wall_528,,,rewritten,,,243.0,,[321],,,"['1XD1GHfzD6cunMzxtqLi4o', '0x8tDwgKz4rBhuBSTQ03Vd', '1']",
529,1,Wall,1,ARC,Wall_529,,,rewritten,,,243.0,,[321],,,"['1XD1GHfzD6cunMzxtqLi4o', '0x8tDwgKz4rBhuBSTQ03Vd', '2']",
530,1,Wall,1,ARC,Wall_530,,,rewritten,,,243.0,,[321],,,"['1XD1GHfzD6cunMzxtqLi4o', '0x8tDwgKz4rBhuBSTQ03Vd', '3']",
531,1,Wall,1,ARC,Wall_531,,,rewritten,,,243.0,,[321],,,"['1XD1GHfzD6cunMzxtqLi4o', '0x8tDwgKz4rBhuBSTQ03Vd', '4']",
532,1,Wall,1,ARC,Wall_532,,,face,,,18.0,,[295],,,"['26kn7MqLL9oOOTivXpg95E', '0x8tDwgKz4rBhuBSTQ03V3', '0']",
533,1,Wall,1,ARC,Wall_533,,,rewritten,,,109.0,,[314],,,"['26kn7MqLL9oOOTivXpgDcn', '0x8tDwgKz4rBhuBSTQ03VT', '0']",
534,1,Wall,1,ARC,Wall_534,,,rewritten,,,109.0,,[314],,,"['26kn7MqLL9oOOTivXpgDcn', '0x8tDwgKz4rBhuBSTQ03VT', '1']",
535,1,Wall,1,ARC,Wall_535,,,face,,,77.0,,[302],,,"['26kn7MqLL9oOOTivXpgFz$', '0x8tDwgKz4rBhuBSTQ03VE', '0']",
536,1,Wall,1,ARC,Wall_536,,,face,,,90.0,,[322],,,"['26kn7MqLL9oOOTivXpg2C1', '0x8tDwgKz4rBhuBSTQ03Vf', '0']",
537,2,Floor,1,ARC,Floor_537,,,face,,,13.0,,[119],,,"['0a$DTcOc10$eWx3Py5JFns', '0x8tDwgKz4rBhuBSTQ03Sx', '0']",
538,1,Wall,1,ARC,Wall_538,,,face,,,11.0,,[289],,,"['2phb4LYfH6ERu7VkkEK4hM', '0x8tDwgKz4rBhuBSTQ03Sz', '0']",
539,1,Wall,1,ARC,Wall_539,,,rewritten,,,223.0,,[8],,,"['3P6tvjgV9AA81fRmsqfbLY', '2Vw5Ga4Dz31wA6t7ociBOo', '0']",
540,1,Wall,1,ARC,Wall_540,,,rewritten,,,223.0,,[8],,,"['3P6tvjgV9AA81fRmsqfbLY', '2Vw5Ga4Dz31wA6t7ociBOo', '9']",
541,1,Wall,1,ARC,Wall_541,,,rewritten,,,223.0,,[8],,,"['3P6tvjgV9AA81fRmsqfbLY', '2Vw5Ga4Dz31wA6t7ociBOo', '8']",
542,1,Wall,1,ARC,Wall_542,,,rewritten,,,223.0,,[8],,,"['3P6tvjgV9AA81fRmsqfbLY', '2Vw5Ga4Dz31wA6t7ociBOo', '7']",
543,1,Wall,1,ARC,Wall_543,,,rewritten,,,223.0,,[8],,,"['3P6tvjgV9AA81fRmsqfbLY', '2Vw5Ga4Dz31wA6t7ociBOo', '6']",
544,1,Wall,1,ARC,Wall_544,,,rewritten,,,223.0,,[8],,,"['3P6tvjgV9AA81fRmsqfbLY', '2Vw5Ga4Dz31wA6t7ociBOo', '5']",
545,1,Wall,1,ARC,Wall_545,,,rewritten,,,223.0,,[8],,,"['3P6tvjgV9AA81fRmsqfbLY', '2Vw5Ga4Dz31wA6t7ociBOo', '4']",
546,1,Wall,1,ARC,Wall_546,,,rewritten,,,223.0,,[8],,,"['3P6tvjgV9AA81fRmsqfbLY', '2Vw5Ga4Dz31wA6t7ociBOo', '3']",
547,1,Wall,1,ARC,Wall_547,,,rewritten,,,223.0,,[8],,,"['3P6tvjgV9AA81fRmsqfbLY', '2Vw5Ga4Dz31wA6t7ociBOo', '2']",
548,1,Wall,1,ARC,Wall_548,,,rewritten,,,223.0,,[8],,,"['3P6tvjgV9AA81fRmsqfbLY', '2Vw5Ga4Dz31wA6t7ociBOo', '1']",
549,1,Wall,1,ARC,Wall_549,,,face,,,78.0,,[302],,,"['26kn7MqLL9oOOTivXpgFzz', '0x8tDwgKz4rBhuBSTQ03VE', '0']",
550,3,Ceiling,1,ARC,Ceiling_550,,,face,,,186.0,,[341],,,"['1T7BPQ_hn69uk5$Jp8cvKO', '3ieRYLDdzA7A223TPufELI', '0']",
551,1,Wall,1,ARC,Wall_551,,,face,,,245.0,,[336],,,"['26kn7MqLL9oOOTivXpgF_a', '34s_9XZVj4dvcc98NZ_zWR', '0']",
552,1,Wall,1,ARC,Wall_552,,,rewritten,,,113.0,,[310],,,"['26kn7MqLL9oOOTivXpgCW4', '0x8tDwgKz4rBhuBSTQ03VO', '0']",
553,1,Wall,1,ARC,Wall_553,,,rewritten,,,113.0,,[310],,,"['26kn7MqLL9oOOTivXpgCW4', '0x8tDwgKz4rBhuBSTQ03VO', '1']",
554,1,Wall,1,ARC,Wall_554,,,face,,,97.0,,[1],,,"['2VuhFQabH3JOql_RiqfUK1', '3ieRYLDdzA7A223TPufEIb', '0']",
555,3,Ceiling,1,ARC,Ceiling_555,,,face,,,167.0,,[316],,,"['1T7BPQ_hn69uk5$Jp8cvGV', '0x8tDwgKz4rBhuBSTQ03VV', '0']",
556,2,Floor,1,ARC,Floor_556,,,face,,,13.0,,[292],,,"['0a$DTcOc10$eWx3Py5JFns', '0x8tDwgKz4rBhuBSTQ03V0', '0']",
557,1,Wall,1,ARC,Wall_557,,,face,,,245.0,,[302],,,"['26kn7MqLL9oOOTivXpgF_a', '0x8tDwgKz4rBhuBSTQ03VE', '0']",
558,1,Wall,1,ARC,Wall_558,,,face,,,243.0,,[331],,,"['1XD1GHfzD6cunMzxtqLi4o', '0x8tDwgKz4rBhuBSTQ03Vp', '0']",
559,1,Wall,1,ARC,Wall_559,,,face,,,78.0,,[301],,,"['26kn7MqLL9oOOTivXpgFzz', '0x8tDwgKz4rBhuBSTQ03VD', '0']",
560,2,Floor,1,ARC,Floor_560,,,face,,,13.0,,[300],,,"['0a$DTcOc10$eWx3Py5JFns', '0x8tDwgKz4rBhuBSTQ03VC', '0']",
561,1,Wall,1,ARC,Wall_561,,,face,,,40.0,,[293],,,"['26kn7MqLL9oOOTivXpg95e', '0x8tDwgKz4rBhuBSTQ03V1', '0']",
562,2,Floor,1,ARC,Floor_562,,,face,,,13.0,,[4],,,"['0a$DTcOc10$eWx3Py5JFns', '2Vw5Ga4Dz31wA6t7ociBwO', '0']",
563,2,Floor,1,ARC,Floor_563,,,face,,,13.0,,[299],,,"['0a$DTcOc10$eWx3Py5JFns', '0x8tDwgKz4rBhuBSTQ03V8', '0']",
564,3,Ceiling,1,ARC,Ceiling_564,,,face,,,188.0,,[323],,,"['1T7BPQ_hn69uk5$Jp8cvK0', '0x8tDwgKz4rBhuBSTQ03Vg', '0']",
565,1,Wall,1,ARC,Wall_565,,,face,,,93.0,,[298],,,"['26kn7MqLL9oOOTivXpgEI0', '0x8tDwgKz4rBhuBSTQ03V7', '0']",
566,1,Wall,1,ARC,Wall_566,,,face,,,63.0,,[2],,,"['26kn7MqLL9oOOTivXpgC8t', '3ieRYLDdzA7A223TPufEJF', '0']",
567,2,Floor,1,ARC,Floor_567,,,face,,,13.0,,[2],,,"['0a$DTcOc10$eWx3Py5JFns', '3ieRYLDdzA7A223TPufEJF', '0']",
568,1,Wall,1,ARC,Wall_568,,,face,,,245.0,,[301],,,"['26kn7MqLL9oOOTivXpgF_a', '0x8tDwgKz4rBhuBSTQ03VD', '0']",
569,3,Ceiling,1,ARC,Ceiling_569,,,face,,,173.0,,[320],,,"['1T7BPQ_hn69uk5$Jp8cvMf', '0x8tDwgKz4rBhuBSTQ03Va', '0']",
570,1,Wall,1,ARC,Wall_570,,,face,,,105.0,,[309],,,"['26kn7MqLL9oOOTivXpgCSR', '0x8tDwgKz4rBhuBSTQ03VN', '0']",
571,1,Wall,1,ARC,Wall_571,,,face,,,245.0,,[317],,,"['26kn7MqLL9oOOTivXpgF_a', '0x8tDwgKz4rBhuBSTQ03VX', '0']",
572,2,Floor,1,ARC,Floor_572,,,face,,,13.0,,[3],,,"['0a$DTcOc10$eWx3Py5JFns', '3ieRYLDdzA7A223TPufEIC', '0']",
573,1,Wall,1,ARC,Wall_573,,,face,,,5.0,,[119],,,"['23aTbt_ibCF9nDuGzWAsXH', '0x8tDwgKz4rBhuBSTQ03Sx', '0']",
574,2,Floor,1,ARC,Floor_574,,,face,,,13.0,,[296],,,"['0a$DTcOc10$eWx3Py5JFns', '0x8tDwgKz4rBhuBSTQ03V4', '0']",
575,1,Wall,1,ARC,Wall_575,,,face,,,243.0,,[329],,,"['1XD1GHfzD6cunMzxtqLi4o', '0x8tDwgKz4rBhuBSTQ03Vn', '0']",
576,2,Floor,1,ARC,Floor_576,,,face,,,13.0,,[339],,,"['0a$DTcOc10$eWx3Py5JFns', '3ieRYLDdzA7A223TPufEMy', '0']",
577,2,Floor,1,ARC,Floor_577,,,face,,,13.0,,[333],,,"['0a$DTcOc10$eWx3Py5JFns', '0x8tDwgKz4rBhuBSTQ03Vs', '0']",
578,1,Wall,1,ARC,Wall_578,,,face,,,87.0,,[319],,,"['26kn7MqLL9oOOTivXpg29_', '0x8tDwgKz4rBhuBSTQ03VZ', '0']",
579,1,Wall,1,ARC,Wall_579,,,face,,,37.0,,[292],,,"['26kn7MqLL9oOOTivXpg94S', '0x8tDwgKz4rBhuBSTQ03V0', '0']",
580,1,Wall,1,ARC,Wall_580,,,face,,,124.0,,[326],,,"['2VuhFQabH3JOql_RiqfUSN', '0x8tDwgKz4rBhuBSTQ03Vj', '0']",
581,2,Floor,1,ARC,Floor_581,,,face,,,13.0,,[289],,,"['0a$DTcOc10$eWx3Py5JFns', '0x8tDwgKz4rBhuBSTQ03Sz', '0']",
582,3,Ceiling,1,ARC,Ceiling_582,,,face,,,153.0,,[309],,,"['1T7BPQ_hn69uk5$Jp8cvJ8', '0x8tDwgKz4rBhuBSTQ03VN', '0']",
583,2,Floor,1,ARC,Floor_583,,,face,,,13.0,,[320],,,"['0a$DTcOc10$eWx3Py5JFns', '0x8tDwgKz4rBhuBSTQ03Va', '0']",
584,2,Floor,1,ARC,Floor_584,,,face,,,13.0,,[338],,,"['0a$DTcOc10$eWx3Py5JFns', '34s_9XZVj4dvcc98NZ_z89', '0']",
585,3,Ceiling,1,ARC,Ceiling_585,,,face,,,200.0,,[2],,,"['1T7BPQ_hn69uk5$Jp8cv8w', '3ieRYLDdzA7A223TPufEJF', '0']",
586,1,Wall,1,ARC,Wall_586,,,face,,,100.0,,[328],,,"['26kn7MqLL9oOOTivXpg2ef', '0x8tDwgKz4rBhuBSTQ03Vm', '0']",
587,1,Wall,1,ARC,Wall_587,,,face,,,26.0,,[296],,,"['26kn7MqLL9oOOTivXpgElR', '0x8tDwgKz4rBhuBSTQ03V4', '0']",
588,2,Floor,1,ARC,Floor_588,,,face,,,13.0,,[337],,,"['0a$DTcOc10$eWx3Py5JFns', '34s_9XZVj4dvcc98NZ_zXW', '0']",
589,2,Floor,1,ARC,Floor_589,,,face,,,13.0,,[288],,,"['0a$DTcOc10$eWx3Py5JFns', '0x8tDwgKz4rBhuBSTQ03Sy', '0']",
590,1,Wall,1,ARC,Wall_590,,,face,,,9.0,,[119],,,"['3P6tvjgV9AA81fRmsqfbUq', '0x8tDwgKz4rBhuBSTQ03Sx', '0']",
591,3,Ceiling,1,ARC,Ceiling_591,,,face,,,174.0,,[303],,,"['1T7BPQ_hn69uk5$Jp8cvM3', '0x8tDwgKz4rBhuBSTQ03VF', '0']",
592,3,Ceiling,1,ARC,Ceiling_592,,,face,,,211.0,,[339],,,"['383DO$PSjCThEOrX4PKqjN', '3ieRYLDdzA7A223TPufEMy', '0']",
593,3,Ceiling,1,ARC,Ceiling_593,,,face,,,195.0,,[327],,,"['1T7BPQ_hn69uk5$Jp8cv9a', '0x8tDwgKz4rBhuBSTQ03Vl', '0']",
594,1,Wall,1,ARC,Wall_594,,,rewritten,,,243.0,,[316],,,"['1XD1GHfzD6cunMzxtqLi4o', '0x8tDwgKz4rBhuBSTQ03VV', '1']",
595,1,Wall,1,ARC,Wall_595,,,rewritten,,,243.0,,[316],,,"['1XD1GHfzD6cunMzxtqLi4o', '0x8tDwgKz4rBhuBSTQ03VV', '0']",
596,3,Ceiling,1,ARC,Ceiling_596,,,face,,,157.0,,[292],,,"['1T7BPQ_hn69uk5$Jp8cvHr', '0x8tDwgKz4rBhuBSTQ03V0', '0']",
597,1,Wall,1,ARC,Wall_597,,,face,,,223.0,,[297],,,"['3P6tvjgV9AA81fRmsqfbLY', '0x8tDwgKz4rBhuBSTQ03V5', '0']",
598,1,Wall,1,ARC,Wall_598,,,face,,,85.0,,[316],,,"['26kn7MqLL9oOOTivXpg2U5', '0x8tDwgKz4rBhuBSTQ03VV', '0']",
599,1,Wall,1,ARC,Wall_599,,,rewritten,,,63.0,,[331],,,"['26kn7MqLL9oOOTivXpgC8t', '0x8tDwgKz4rBhuBSTQ03Vp', '0']",
600,1,Wall,1,ARC,Wall_600,,,face,,,96.0,,[341],,,"['2VuhFQabH3JOql_RiqfUN3', '3ieRYLDdzA7A223TPufELI', '0']",
601,3,Ceiling,1,ARC,Ceiling_601,,,face,,,178.0,,[300],,,"['1T7BPQ_hn69uk5$Jp8cvLJ', '0x8tDwgKz4rBhuBSTQ03VC', '0']",
602,1,Wall,1,ARC,Wall_602,,,face,,,116.0,,[316],,,"['26kn7MqLL9oOOTivXpg2dx', '0x8tDwgKz4rBhuBSTQ03VV', '0']",
603,3,Ceiling,1,ARC,Ceiling_603,,,face,,,194.0,,[313],,,"['1T7BPQ_hn69uk5$Jp8cv9y', '0x8tDwgKz4rBhuBSTQ03VS', '0']",
604,3,Ceiling,1,ARC,Ceiling_604,,,face,,,160.0,,[293],,,"['1T7BPQ_hn69uk5$Jp8cvHz', '0x8tDwgKz4rBhuBSTQ03V1', '0']",
605,1,Wall,1,ARC,Wall_605,,,face,,,245.0,,[340],,,"['26kn7MqLL9oOOTivXpgF_a', '3ieRYLDdzA7A223TPufELQ', '0']",
606,2,Floor,1,ARC,Floor_606,,,face,,,13.0,,[328],,,"['0a$DTcOc10$eWx3Py5JFns', '0x8tDwgKz4rBhuBSTQ03Vm', '0']",
607,1,Wall,1,ARC,Wall_607,,,face,,,76.0,,[313],,,"['26kn7MqLL9oOOTivXpg2re', '0x8tDwgKz4rBhuBSTQ03VS', '0']",
608,3,Ceiling,1,ARC,Ceiling_608,,,face,,,205.0,,[317],,,"['2Vw5Ga4Dz31wA6t7ociBQA', '0x8tDwgKz4rBhuBSTQ03VX', '0']",
609,1,Wall,1,ARC,Wall_609,,,rewritten,,,67.0,,[330],,,"['26kn7MqLL9oOOTivXpgDiH', '0x8tDwgKz4rBhuBSTQ03Vo', '0']",
610,1,Wall,1,ARC,Wall_610,,,rewritten,,,67.0,,[330],,,"['26kn7MqLL9oOOTivXpgDiH', '0x8tDwgKz4rBhuBSTQ03Vo', '1']",
611,1,Wall,1,ARC,Wall_611,,,face,,,30.0,,[299],,,"['26kn7MqLL9oOOTivXpgE3v', '0x8tDwgKz4rBhuBSTQ03V8', '0']",
612,3,Ceiling,1,ARC,Ceiling_612,,,face,,,185.0,,[340],,,"['1T7BPQ_hn69uk5$Jp8cvKx', '3ieRYLDdzA7A223TPufELQ', '0']",
613,1,Wall,1,ARC,Wall_613,,,face,,,223.0,,[289],,,"['3P6tvjgV9AA81fRmsqfbLY', '0x8tDwgKz4rBhuBSTQ03Sz', '0']",
614,3,Ceiling,1,ARC,Ceiling_614,,,face,,,171.0,,[318],,,"['1T7BPQ_hn69uk5$Jp8cvNt', '0x8tDwgKz4rBhuBSTQ03VY', '0']",
615,3,Ceiling,1,ARC,Ceiling_615,,,face,,,197.0,,[328],,,"['1T7BPQ_hn69uk5$Jp8cv9K', '0x8tDwgKz4rBhuBSTQ03Vm', '0']",
616,2,Floor,1,ARC,Floor_616,,,face,,,13.0,,[318],,,"['0a$DTcOc10$eWx3Py5JFns', '0x8tDwgKz4rBhuBSTQ03VY', '0']",
617,1,Wall,1,ARC,Wall_617,,,rewritten,,,150.0,,[324],,,"['2VuhFQabH3JOql_RiqfURw', '0x8tDwgKz4rBhuBSTQ03Vh', '0']",
618,1,Wall,1,ARC,Wall_618,,,rewritten,,,150.0,,[324],,,"['2VuhFQabH3JOql_RiqfURw', '0x8tDwgKz4rBhuBSTQ03Vh', '1']",
619,1,Wall,1,ARC,Wall_619,,,rewritten,,,150.0,,[324],,,"['2VuhFQabH3JOql_RiqfURw', '0x8tDwgKz4rBhuBSTQ03Vh', '2']",
620,1,Wall,1,ARC,Wall_620,,,rewritten,,,150.0,,[324],,,"['2VuhFQabH3JOql_RiqfURw', '0x8tDwgKz4rBhuBSTQ03Vh', '3']",
621,1,Wall,1,ARC,Wall_621,,,rewritten,,,150.0,,[324],,,"['2VuhFQabH3JOql_RiqfURw', '0x8tDwgKz4rBhuBSTQ03Vh', '4']",
622,3,Ceiling,1,ARC,Ceiling_622,,,face,,,182.0,,[307],,,"['1T7BPQ_hn69uk5$Jp8cvLB', '0x8tDwgKz4rBhuBSTQ03VL', '0']",
623,3,Ceiling,1,ARC,Ceiling_623,,,face,,,227.0,,[331],,,"['1BHmRqFm997hejzwATDoij', '0x8tDwgKz4rBhuBSTQ03Vp', '0']",
624,1,Wall,1,ARC,Wall_624,,,face,,,245.0,,[306],,,"['26kn7MqLL9oOOTivXpgF_a', '0x8tDwgKz4rBhuBSTQ03VK', '0']",
625,1,Wall,1,ARC,Wall_625,,,face,,,98.0,,[341],,,"['2VuhFQabH3JOql_RiqfUGV', '3ieRYLDdzA7A223TPufELI', '0']",
626,1,Wall,1,ARC,Wall_626,,,face,,,74.0,,[300],,,"['26kn7MqLL9oOOTivXpgFzp', '0x8tDwgKz4rBhuBSTQ03VC', '0']",
627,1,Wall,1,ARC,Wall_627,,,face,,,39.0,,[337],,,"['26kn7MqLL9oOOTivXpgFzx', '34s_9XZVj4dvcc98NZ_zXW', '0']",
628,3,Ceiling,1,ARC,Ceiling_628,,,face,,,165.0,,[298],,,"['1T7BPQ_hn69uk5$Jp8cvGo', '0x8tDwgKz4rBhuBSTQ03V7', '0']",
629,3,Ceiling,1,ARC,Ceiling_629,,,face,,,190.0,,[1],,,"['1T7BPQ_hn69uk5$Jp8cvBB', '3ieRYLDdzA7A223TPufEIb', '0']",
630,1,Wall,1,ARC,Wall_630,,,rewritten,,,223.0,,[288],,,"['3P6tvjgV9AA81fRmsqfbLY', '0x8tDwgKz4rBhuBSTQ03Sy', '0']",
631,1,Wall,1,ARC,Wall_631,,,rewritten,,,223.0,,[288],,,"['3P6tvjgV9AA81fRmsqfbLY', '0x8tDwgKz4rBhuBSTQ03Sy', '1']",
632,1,Wall,1,ARC,Wall_632,,,rewritten,,,96.0,,[322],,,"['2VuhFQabH3JOql_RiqfUN3', '0x8tDwgKz4rBhuBSTQ03Vf', '0']",
633,1,Wall,1,ARC,Wall_633,,,rewritten,,,96.0,,[322],,,"['2VuhFQabH3JOql_RiqfUN3', '0x8tDwgKz4rBhuBSTQ03Vf', '1']",
634,3,Ceiling,1,ARC,Ceiling_634,,,face,,,213.0,,[8],,,"['383DO$PSjCThEOrX4PKqjZ', '2Vw5Ga4Dz31wA6t7ociBOo', '0']",
635,2,Floor,1,ARC,Floor_635,,,face,,,13.0,,[310],,,"['0a$DTcOc10$eWx3Py5JFns', '0x8tDwgKz4rBhuBSTQ03VO', '0']",
636,3,Ceiling,1,ARC,Ceiling_636,,,face,,,176.0,,[302],,,"['1T7BPQ_hn69uk5$Jp8cvLZ', '0x8tDwgKz4rBhuBSTQ03VE', '0']",
637,1,Wall,1,ARC,Wall_637,,,face,,,67.0,,[312],,,"['26kn7MqLL9oOOTivXpgDiH', '0x8tDwgKz4rBhuBSTQ03VR', '0']",
638,2,Floor,1,ARC,Floor_638,,,face,,,13.0,,[311],,,"['0a$DTcOc10$eWx3Py5JFns', '0x8tDwgKz4rBhuBSTQ03VQ', '0']",
639,1,Wall,1,ARC,Wall_639,,,rewritten,,,245.0,,[304],,,"['26kn7MqLL9oOOTivXpgF_a', '0x8tDwgKz4rBhuBSTQ03VI', '0']",
640,1,Wall,1,ARC,Wall_640,,,rewritten,,,245.0,,[304],,,"['26kn7MqLL9oOOTivXpgF_a', '0x8tDwgKz4rBhuBSTQ03VI', '1']",
641,1,Wall,1,ARC,Wall_641,,,face,,,59.0,,[335],,,"['26kn7MqLL9oOOTivXpgCSM', '34s_9XZVj4dvcc98NZ_yKB', '0']",
642,1,Wall,1,ARC,Wall_642,,,face,,,223.0,,[295],,,"['3P6tvjgV9AA81fRmsqfbLY', '0x8tDwgKz4rBhuBSTQ03V3', '0']",
643,1,Wall,1,ARC,Wall_643,,,face,,,101.0,,[331],,,"['26kn7MqLL9oOOTivXpgCJg', '0x8tDwgKz4rBhuBSTQ03Vp', '0']",
644,1,Wall,1,ARC,Wall_644,,,face,,,70.0,,[307],,,"['26kn7MqLL9oOOTivXpgF_d', '0x8tDwgKz4rBhuBSTQ03VL', '0']",
645,1,Wall,1,ARC,Wall_645,,,rewritten,,,129.0,,[312],,,"['26kn7MqLL9oOOTivXpgDDc', '0x8tDwgKz4rBhuBSTQ03VR', '1']",
646,1,Wall,1,ARC,Wall_646,,,rewritten,,,129.0,,[312],,,"['26kn7MqLL9oOOTivXpgDDc', '0x8tDwgKz4rBhuBSTQ03VR', '0']",
647,1,Wall,1,ARC,Wall_647,,,face,,,223.0,,[294],,,"['3P6tvjgV9AA81fRmsqfbLY', '0x8tDwgKz4rBhuBSTQ03V2', '0']",
648,3,Ceiling,1,ARC,Ceiling_648,,,face,,,184.0,,[322],,,"['1T7BPQ_hn69uk5$Jp8cvKG', '0x8tDwgKz4rBhuBSTQ03Vf', '0']",
649,3,Ceiling,1,ARC,Ceiling_649,,,face,,,152.0,,[290],,,"['1T7BPQ_hn69uk5$Jp8cvIj', '0x8tDwgKz4rBhuBSTQ03S_', '0']",
650,1,Wall,1,ARC,Wall_650,,,face,,,98.0,,[323],,,"['2VuhFQabH3JOql_RiqfUGV', '0x8tDwgKz4rBhuBSTQ03Vg', '0']",
651,1,Wall,1,ARC,Wall_651,,,face,,,113.0,,[311],,,"['26kn7MqLL9oOOTivXpgCW4', '0x8tDwgKz4rBhuBSTQ03VQ', '0']",
652,1,Wall,1,ARC,Wall_652,,,face,,,243.0,,[320],,,"['1XD1GHfzD6cunMzxtqLi4o', '0x8tDwgKz4rBhuBSTQ03Va', '0']",
653,2,Floor,1,ARC,Floor_653,,,face,,,13.0,,[308],,,"['0a$DTcOc10$eWx3Py5JFns', '0x8tDwgKz4rBhuBSTQ03VM', '0']",
654,1,Wall,1,ARC,Wall_654,,,face,,,72.0,,[318],,,"['26kn7MqLL9oOOTivXpgDHX', '0x8tDwgKz4rBhuBSTQ03VY', '0']",
655,1,Wall,1,ARC,Wall_655,,,face,,,72.0,,[4],,,"['26kn7MqLL9oOOTivXpgDHX', '2Vw5Ga4Dz31wA6t7ociBwO', '0']",
656,1,Wall,1,ARC,Wall_656,,,face,,,93.0,,[299],,,"['26kn7MqLL9oOOTivXpgEI0', '0x8tDwgKz4rBhuBSTQ03V8', '0']",
657,1,Wall,1,ARC,Wall_657,,,face,,,223.0,,[293],,,"['3P6tvjgV9AA81fRmsqfbLY', '0x8tDwgKz4rBhuBSTQ03V1', '0']",
658,3,Ceiling,1,ARC,Ceiling_658,,,face,,,175.0,,[319],,,"['1T7BPQ_hn69uk5$Jp8cvNW', '0x8tDwgKz4rBhuBSTQ03VZ', '0']",
659,1,Wall,1,ARC,Wall_659,,,face,,,262.0,,[119],,,"['383DO$PSjCThEOrX4PKqGN', '0x8tDwgKz4rBhuBSTQ03Sx', '0']",
660,1,Wall,1,ARC,Wall_660,,,face,,,110.0,,[308],,,"['26kn7MqLL9oOOTivXpgCQd', '0x8tDwgKz4rBhuBSTQ03VM', '0']",
661,2,Floor,1,ARC,Floor_661,,,face,,,13.0,,[297],,,"['0a$DTcOc10$eWx3Py5JFns', '0x8tDwgKz4rBhuBSTQ03V5', '0']",
662,2,Floor,1,ARC,Floor_662,,,face,,,13.0,,[332],,,"['0a$DTcOc10$eWx3Py5JFns', '0x8tDwgKz4rBhuBSTQ03Vr', '0']",
663,1,Wall,1,ARC,Wall_663,,,face,,,70.0,,[304],,,"['26kn7MqLL9oOOTivXpgF_d', '0x8tDwgKz4rBhuBSTQ03VI', '0']",
664,1,Wall,1,ARC,Wall_664,,,face,,,21.0,,[338],,,"['26kn7MqLL9oOOTivXpgEjW', '34s_9XZVj4dvcc98NZ_z89', '0']",
665,3,Ceiling,1,ARC,Ceiling_665,,,face,,,154.0,,[334],,,"['1T7BPQ_hn69uk5$Jp8cvIL', '0x8tDwgKz4rBhuBSTQ0377', '0']",
666,1,Wall,1,ARC,Wall_666,,,rewritten,,,71.0,,[4],,,"['26kn7MqLL9oOOTivXpgDJf', '2Vw5Ga4Dz31wA6t7ociBwO', '0']",
667,1,Wall,1,ARC,Wall_667,,,rewritten,,,71.0,,[4],,,"['26kn7MqLL9oOOTivXpgDJf', '2Vw5Ga4Dz31wA6t7ociBwO', '1']",
668,1,Wall,1,ARC,Wall_668,,,face,,,243.0,,[4],,,"['1XD1GHfzD6cunMzxtqLi4o', '2Vw5Ga4Dz31wA6t7ociBwO', '0']",
669,2,Floor,1,ARC,Floor_669,,,face,,,13.0,,[324],,,"['0a$DTcOc10$eWx3Py5JFns', '0x8tDwgKz4rBhuBSTQ03Vh', '0']",
670,3,Ceiling,1,ARC,Ceiling_670,,,face,,,207.0,,[333],,,"['0CnWPEZnv1d8T8FUxrevjI', '0x8tDwgKz4rBhuBSTQ03Vs', '0']",
671,3,Ceiling,1,ARC,Ceiling_671,,,face,,,162.0,,[295],,,"['1T7BPQ_hn69uk5$Jp8cvHM', '0x8tDwgKz4rBhuBSTQ03V3', '0']",
672,3,Ceiling,1,ARC,Ceiling_672,,,face,,,177.0,,[337],,,"['1T7BPQ_hn69uk5$Jp8cvLp', '34s_9XZVj4dvcc98NZ_zXW', '0']",
673,1,Wall,1,ARC,Wall_673,,,rewritten,,,243.0,,[7],,,"['1XD1GHfzD6cunMzxtqLi4o', '2Vw5Ga4Dz31wA6t7ociBOC', '0']",
674,1,Wall,1,ARC,Wall_674,,,rewritten,,,243.0,,[7],,,"['1XD1GHfzD6cunMzxtqLi4o', '2Vw5Ga4Dz31wA6t7ociBOC', '1']",
675,1,Wall,1,ARC,Wall_675,,,rewritten,,,243.0,,[7],,,"['1XD1GHfzD6cunMzxtqLi4o', '2Vw5Ga4Dz31wA6t7ociBOC', '2']",
676,2,Floor,1,ARC,Floor_676,,,face,,,13.0,,[314],,,"['0a$DTcOc10$eWx3Py5JFns', '0x8tDwgKz4rBhuBSTQ03VT', '0']",
677,2,Floor,1,ARC,Floor_677,,,face,,,13.0,,[322],,,"['0a$DTcOc10$eWx3Py5JFns', '0x8tDwgKz4rBhuBSTQ03Vf', '0']",
678,2,Floor,1,ARC,Floor_678,,,face,,,13.0,,[323],,,"['0a$DTcOc10$eWx3Py5JFns', '0x8tDwgKz4rBhuBSTQ03Vg', '0']",
679,3,Ceiling,1,ARC,Ceiling_679,,,face,,,161.0,,[294],,,"['1T7BPQ_hn69uk5$Jp8cvHb', '0x8tDwgKz4rBhuBSTQ03V2', '0']",
680,3,Ceiling,1,ARC,Ceiling_680,,,face,,,146.0,,[308],,,"['1T7BPQ_hn69uk5$Jp8cvJi', '0x8tDwgKz4rBhuBSTQ03VM', '0']",
681,3,Ceiling,1,ARC,Ceiling_681,,,face,,,252.0,,[324],,,"['1BHmRqFm997hejzwATDoiW', '0x8tDwgKz4rBhuBSTQ03Vh', '0']",
682,1,Wall,1,ARC,Wall_682,,,rewritten,,,97.0,,[324],,,"['2VuhFQabH3JOql_RiqfUK1', '0x8tDwgKz4rBhuBSTQ03Vh', '0']",
683,1,Wall,1,ARC,Wall_683,,,face,,,109.0,,[313],,,"['26kn7MqLL9oOOTivXpgDcn', '0x8tDwgKz4rBhuBSTQ03VS', '0']",
684,1,Wall,1,ARC,Wall_684,,,face,,,243.0,,[2],,,"['1XD1GHfzD6cunMzxtqLi4o', '3ieRYLDdzA7A223TPufEJF', '0']",
685,1,Wall,1,ARC,Wall_685,,,face,,,243.0,,[328],,,"['1XD1GHfzD6cunMzxtqLi4o', '0x8tDwgKz4rBhuBSTQ03Vm', '0']",
686,1,Wall,1,ARC,Wall_686,,,face,,,88.0,,[320],,,"['26kn7MqLL9oOOTivXpg2EW', '0x8tDwgKz4rBhuBSTQ03Va', '0']",
687,1,Wall,1,ARC,Wall_687,,,face,,,65.0,,[305],,,"['26kn7MqLL9oOOTivXpgF_A', '0x8tDwgKz4rBhuBSTQ03VJ', '0']",
688,2,Floor,1,ARC,Floor_688,,,face,,,13.0,,[0],,,"['0a$DTcOc10$eWx3Py5JFns', '3ieRYLDdzA7A223TPufEJK', '0']",
689,1,Wall,1,ARC,Wall_689,,,face,,,124.0,,[325],,,"['2VuhFQabH3JOql_RiqfUSN', '0x8tDwgKz4rBhuBSTQ03Vi', '0']",
690,1,Wall,1,ARC,Wall_690,,,face,,,26.0,,[297],,,"['26kn7MqLL9oOOTivXpgElR', '0x8tDwgKz4rBhuBSTQ03V5', '0']",
691,1,Wall,1,ARC,Wall_691,,,face,,,96.0,,[1],,,"['2VuhFQabH3JOql_RiqfUN3', '3ieRYLDdzA7A223TPufEIb', '0']",
692,3,Ceiling,1,ARC,Ceiling_692,,,face,,,189.0,,[326],,,"['1T7BPQ_hn69uk5$Jp8cvB_', '0x8tDwgKz4rBhuBSTQ03Vj', '0']",
693,1,Wall,1,ARC,Wall_693,,,face,,,87.0,,[318],,,"['26kn7MqLL9oOOTivXpg29_', '0x8tDwgKz4rBhuBSTQ03VY', '0']",
694,1,Wall,1,ARC,Wall_694,,,rewritten,,,243.0,,[318],,,"['1XD1GHfzD6cunMzxtqLi4o', '0x8tDwgKz4rBhuBSTQ03VY', '1']",
695,1,Wall,1,ARC,Wall_695,,,rewritten,,,243.0,,[318],,,"['1XD1GHfzD6cunMzxtqLi4o', '0x8tDwgKz4rBhuBSTQ03VY', '0']",
696,1,Wall,1,ARC,Wall_696,,,face,,,43.0,,[294],,,"['26kn7MqLL9oOOTivXpg95o', '0x8tDwgKz4rBhuBSTQ03V2', '0']",
697,1,Wall,1,ARC,Wall_697,,,face,,,103.0,,[326],,,"['2VuhFQabH3JOql_RiqfUOW', '0x8tDwgKz4rBhuBSTQ03Vj', '0']",
698,1,Wall,1,ARC,Wall_698,,,face,,,40.0,,[292],,,"['26kn7MqLL9oOOTivXpg95e', '0x8tDwgKz4rBhuBSTQ03V0', '0']",
699,1,Wall,1,ARC,Wall_699,,,rewritten,,,223.0,,[3],,,"['3P6tvjgV9AA81fRmsqfbLY', '3ieRYLDdzA7A223TPufEIC', '0']",
700,1,Wall,1,ARC,Wall_700,,,rewritten,,,223.0,,[3],,,"['3P6tvjgV9AA81fRmsqfbLY', '3ieRYLDdzA7A223TPufEIC', '2']",
701,1,Wall,1,ARC,Wall_701,,,rewritten,,,223.0,,[3],,,"['3P6tvjgV9AA81fRmsqfbLY', '3ieRYLDdzA7A223TPufEIC', '1']",
702,1,Wall,1,ARC,Wall_702,,,face,,,245.0,,[300],,,"['26kn7MqLL9oOOTivXpgF_a', '0x8tDwgKz4rBhuBSTQ03VC', '0']",
703,1,Wall,1,ARC,Wall_703,,,face,,,103.0,,[325],,,"['2VuhFQabH3JOql_RiqfUOW', '0x8tDwgKz4rBhuBSTQ03Vi', '0']",
704,1,Wall,1,ARC,Wall_704,,,face,,,43.0,,[293],,,"['26kn7MqLL9oOOTivXpg95o', '0x8tDwgKz4rBhuBSTQ03V1', '0']",
705,1,Wall,1,ARC,Wall_705,,,rewritten,,,150.0,,[341],,,"['2VuhFQabH3JOql_RiqfURw', '3ieRYLDdzA7A223TPufELI', '1']",
706,1,Wall,1,ARC,Wall_706,,,rewritten,,,150.0,,[341],,,"['2VuhFQabH3JOql_RiqfURw', '3ieRYLDdzA7A223TPufELI', '0']",
707,2,Floor,1,ARC,Floor_707,,,face,,,13.0,,[330],,,"['0a$DTcOc10$eWx3Py5JFns', '0x8tDwgKz4rBhuBSTQ03Vo', '0']",
708,1,Wall,1,ARC,Wall_708,,,face,,,71.0,,[316],,,"['26kn7MqLL9oOOTivXpgDJf', '0x8tDwgKz4rBhuBSTQ03VV', '0']",
709,1,Wall,1,ARC,Wall_709,,,face,,,223.0,,[332],,,"['3P6tvjgV9AA81fRmsqfbLY', '0x8tDwgKz4rBhuBSTQ03Vr', '0']",
710,2,Floor,1,ARC,Floor_710,,,face,,,13.0,,[295],,,"['0a$DTcOc10$eWx3Py5JFns', '0x8tDwgKz4rBhuBSTQ03V3', '0']",
711,2,Floor,1,ARC,Floor_711,,,face,,,13.0,,[1],,,"['0a$DTcOc10$eWx3Py5JFns', '3ieRYLDdzA7A223TPufEIb', '0']",
712,3,Ceiling,1,ARC,Ceiling_712,,,face,,,196.0,,[312],,,"['1T7BPQ_hn69uk5$Jp8cv9i', '0x8tDwgKz4rBhuBSTQ03VR', '0']",
713,1,Wall,1,ARC,Wall_713,,,face,,,12.0,,[334],,,"['0fo82U50nDWhMj5k9OCN$7', '0x8tDwgKz4rBhuBSTQ0377', '0']",
714,1,Wall,1,ARC,Wall_714,,,face,,,53.0,,[311],,,"['26kn7MqLL9oOOTivXpgCas', '0x8tDwgKz4rBhuBSTQ03VQ', '0']",
715,1,Wall,1,ARC,Wall_715,,,face,,,100.0,,[327],,,"['26kn7MqLL9oOOTivXpg2ef', '0x8tDwgKz4rBhuBSTQ03Vl', '0']",
716,1,Wall,1,ARC,Wall_716,,,face,,,150.0,,[326],,,"['2VuhFQabH3JOql_RiqfURw', '0x8tDwgKz4rBhuBSTQ03Vj', '0']",
717,2,Floor,1,ARC,Floor_717,,,face,,,13.0,,[294],,,"['0a$DTcOc10$eWx3Py5JFns', '0x8tDwgKz4rBhuBSTQ03V2', '0']",
718,1,Wall,1,ARC,Wall_718,,,face,,,223.0,,[290],,,"['3P6tvjgV9AA81fRmsqfbLY', '0x8tDwgKz4rBhuBSTQ03S_', '0']",
719,1,Wall,1,ARC,Wall_719,,,face,,,107.0,,[329],,,"['26kn7MqLL9oOOTivXpgDXu', '0x8tDwgKz4rBhuBSTQ03Vn', '0']",
720,1,Wall,1,ARC,Wall_720,,,rewritten,,,245.0,,[324],,,"['26kn7MqLL9oOOTivXpgF_a', '0x8tDwgKz4rBhuBSTQ03Vh', '3']",
721,1,Wall,1,ARC,Wall_721,,,rewritten,,,245.0,,[324],,,"['26kn7MqLL9oOOTivXpgF_a', '0x8tDwgKz4rBhuBSTQ03Vh', '2']",
722,1,Wall,1,ARC,Wall_722,,,rewritten,,,245.0,,[324],,,"['26kn7MqLL9oOOTivXpgF_a', '0x8tDwgKz4rBhuBSTQ03Vh', '1']",
723,1,Wall,1,ARC,Wall_723,,,rewritten,,,245.0,,[324],,,"['26kn7MqLL9oOOTivXpgF_a', '0x8tDwgKz4rBhuBSTQ03Vh', '0']",
724,1,Wall,1,ARC,Wall_724,,,face,,,6.0,,[334],,,"['0fo82U50nDWhMj5k9OCN$b', '0x8tDwgKz4rBhuBSTQ0377', '0']",
725,3,Ceiling,1,ARC,Ceiling_725,,,face,,,168.0,,[315],,,"['1T7BPQ_hn69uk5$Jp8cvG7', '0x8tDwgKz4rBhuBSTQ03VU', '0']",
726,1,Wall,1,ARC,Wall_726,,,face,,,11.0,,[291],,,"['2phb4LYfH6ERu7VkkEK4hM', '0x8tDwgKz4rBhuBSTQ03S$', '0']",
727,2,Floor,1,ARC,Floor_727,,,face,,,13.0,,[303],,,"['0a$DTcOc10$eWx3Py5JFns', '0x8tDwgKz4rBhuBSTQ03VF', '0']",
728,1,Wall,1,ARC,Wall_728,,,face,,,107.0,,[328],,,"['26kn7MqLL9oOOTivXpgDXu', '0x8tDwgKz4rBhuBSTQ03Vm', '0']",
729,1,Wall,1,ARC,Wall_729,,,face,,,18.0,,[296],,,"['26kn7MqLL9oOOTivXpg95E', '0x8tDwgKz4rBhuBSTQ03V4', '0']",
730,2,Floor,1,ARC,Floor_730,,,face,,,13.0,,[319],,,"['0a$DTcOc10$eWx3Py5JFns', '0x8tDwgKz4rBhuBSTQ03VZ', '0']",
731,1,Wall,1,ARC,Wall_731,,,face,,,85.0,,[315],,,"['26kn7MqLL9oOOTivXpg2U5', '0x8tDwgKz4rBhuBSTQ03VU', '0']",
732,1,Wall,1,ARC,Wall_732,,,face,,,53.0,,[308],,,"['26kn7MqLL9oOOTivXpgCas', '0x8tDwgKz4rBhuBSTQ03VM', '0']",
733,2,Floor,1,ARC,Floor_733,,,face,,,13.0,,[302],,,"['0a$DTcOc10$eWx3Py5JFns', '0x8tDwgKz4rBhuBSTQ03VE', '0']",
734,2,Floor,1,ARC,Floor_734,,,face,,,13.0,,[293],,,"['0a$DTcOc10$eWx3Py5JFns', '0x8tDwgKz4rBhuBSTQ03V1', '0']",
735,2,Floor,1,ARC,Floor_735,,,face,,,13.0,,[312],,,"['0a$DTcOc10$eWx3Py5JFns', '0x8tDwgKz4rBhuBSTQ03VR', '0']",
736,2,Floor,1,ARC,Floor_736,,,face,,,13.0,,[8],,,"['0a$DTcOc10$eWx3Py5JFns', '2Vw5Ga4Dz31wA6t7ociBOo', '0']",
737,3,Ceiling,1,ARC,Ceiling_737,,,face,,,198.0,,[329],,,"['1T7BPQ_hn69uk5$Jp8cv9S', '0x8tDwgKz4rBhuBSTQ03Vn', '0']",
738,1,Wall,1,ARC,Wall_738,,,face,,,52.0,,[317],,,"['26kn7MqLL9oOOTivXpgFz3', '0x8tDwgKz4rBhuBSTQ03VX', '0']",
739,1,Wall,1,ARC,Wall_739,,,face,,,113.0,,[2],,,"['26kn7MqLL9oOOTivXpgCW4', '3ieRYLDdzA7A223TPufEJF', '0']",
740,1,Wall,1,ARC,Wall_740,,,face,,,150.0,,[323],,,"['2VuhFQabH3JOql_RiqfURw', '0x8tDwgKz4rBhuBSTQ03Vg', '0']",
741,3,Ceiling,1,ARC,Ceiling_741,,,face,,,204.0,,[314],,,"['1T7BPQ_hn69uk5$Jp8cvAC', '0x8tDwgKz4rBhuBSTQ03VT', '0']",
742,1,Wall,1,ARC,Wall_742,,,face,,,129.0,,[0],,,"['26kn7MqLL9oOOTivXpgDDc', '3ieRYLDdzA7A223TPufEJK', '0']",
743,1,Wall,1,ARC,Wall_743,,,rewritten,,,6.0,,[290],,,"['0fo82U50nDWhMj5k9OCN$b', '0x8tDwgKz4rBhuBSTQ03S_', '1']",
744,1,Wall,1,ARC,Wall_744,,,rewritten,,,6.0,,[290],,,"['0fo82U50nDWhMj5k9OCN$b', '0x8tDwgKz4rBhuBSTQ03S_', '0']",
745,3,Ceiling,1,ARC,Ceiling_745,,,face,,,156.0,,[289],,,"['1T7BPQ_hn69uk5$Jp8cvI5', '0x8tDwgKz4rBhuBSTQ03Sz', '0']",
746,1,Wall,1,ARC,Wall_746,,,rewritten,,,113.0,,[3],,,"['26kn7MqLL9oOOTivXpgCW4', '3ieRYLDdzA7A223TPufEIC', '0']",
747,1,Wall,1,ARC,Wall_747,,,rewritten,,,113.0,,[3],,,"['26kn7MqLL9oOOTivXpgCW4', '3ieRYLDdzA7A223TPufEIC', '1']",
748,1,Wall,1,ARC,Wall_748,,,rewritten,,,113.0,,[3],,,"['26kn7MqLL9oOOTivXpgCW4', '3ieRYLDdzA7A223TPufEIC', '2']",
749,1,Wall,1,ARC,Wall_749,,,rewritten,,,113.0,,[3],,,"['26kn7MqLL9oOOTivXpgCW4', '3ieRYLDdzA7A223TPufEIC', '3']",
750,1,Wall,1,ARC,Wall_750,,,face,,,128.0,,[336],,,"['34s_9XZVj4dvcc98NZ_yV0', '34s_9XZVj4dvcc98NZ_zWR', '0']",
751,1,Wall,1,ARC,Wall_751,,,face,,,99.0,,[339],,,"['2VuhFQabH3JOql_RiqfUVl', '3ieRYLDdzA7A223TPufEMy', '0']",
752,3,Ceiling,1,ARC,Ceiling_752,,,face,,,148.0,,[311],,,"['1T7BPQ_hn69uk5$Jp8cvJK', '0x8tDwgKz4rBhuBSTQ03VQ', '0']",
753,2,Floor,1,ARC,Floor_753,,,face,,,13.0,,[301],,,"['0a$DTcOc10$eWx3Py5JFns', '0x8tDwgKz4rBhuBSTQ03VD', '0']",
754,1,Wall,1,ARC,Wall_754,,,rewritten,,,129.0,,[313],,,"['26kn7MqLL9oOOTivXpgDDc', '0x8tDwgKz4rBhuBSTQ03VS', '2']",
755,1,Wall,1,ARC,Wall_755,,,rewritten,,,129.0,,[313],,,"['26kn7MqLL9oOOTivXpgDDc', '0x8tDwgKz4rBhuBSTQ03VS', '1']",
756,1,Wall,1,ARC,Wall_756,,,rewritten,,,129.0,,[313],,,"['26kn7MqLL9oOOTivXpgDDc', '0x8tDwgKz4rBhuBSTQ03VS', '0']",
757,2,Floor,1,ARC,Floor_757,,,face,,,13.0,,[317],,,"['0a$DTcOc10$eWx3Py5JFns', '0x8tDwgKz4rBhuBSTQ03VX', '0']",
758,1,Wall,1,ARC,Wall_758,,,face,,,245.0,,[337],,,"['26kn7MqLL9oOOTivXpgF_a', '34s_9XZVj4dvcc98NZ_zXW', '0']",
759,1,Wall,1,ARC,Wall_759,,,rewritten,,,243.0,,[324],,,"['1XD1GHfzD6cunMzxtqLi4o', '0x8tDwgKz4rBhuBSTQ03Vh', '1']",
760,1,Wall,1,ARC,Wall_760,,,rewritten,,,243.0,,[324],,,"['1XD1GHfzD6cunMzxtqLi4o', '0x8tDwgKz4rBhuBSTQ03Vh', '0']",
761,1,Wall,1,ARC,Wall_761,,,face,,,150.0,,[1],,,"['2VuhFQabH3JOql_RiqfURw', '3ieRYLDdzA7A223TPufEIb', '0']",
762,1,Wall,1,ARC,Wall_762,,,face,,,10.0,,[119],,,"['3P6tvjgV9AA81fRmsqfbRb', '0x8tDwgKz4rBhuBSTQ03Sx', '0']",
763,1,Wall,1,ARC,Wall_763,,,face,,,243.0,,[314],,,"['1XD1GHfzD6cunMzxtqLi4o', '0x8tDwgKz4rBhuBSTQ03VT', '0']",
764,1,Wall,1,ARC,Wall_764,,,face,,,243.0,,[322],,,"['1XD1GHfzD6cunMzxtqLi4o', '0x8tDwgKz4rBhuBSTQ03Vf', '0']",
765,1,Wall,1,ARC,Wall_765,,,face,,,77.0,,[303],,,"['26kn7MqLL9oOOTivXpgFz$', '0x8tDwgKz4rBhuBSTQ03VF', '0']",
766,1,Wall,1,ARC,Wall_766,,,face,,,21.0,,[297],,,"['26kn7MqLL9oOOTivXpgEjW', '0x8tDwgKz4rBhuBSTQ03V5', '0']",
767,2,Floor,1,ARC,Floor_767,,,face,,,13.0,,[309],,,"['0a$DTcOc10$eWx3Py5JFns', '0x8tDwgKz4rBhuBSTQ03VN', '0']",
768,1,Wall,1,ARC,Wall_768,,,face,,,65.0,,[300],,,"['26kn7MqLL9oOOTivXpgF_A', '0x8tDwgKz4rBhuBSTQ03VC', '0']",
769,2,Floor,1,ARC,Floor_769,,,face,,,13.0,,[341],,,"['0a$DTcOc10$eWx3Py5JFns', '3ieRYLDdzA7A223TPufELI', '0']",
770,1,Wall,1,ARC,Wall_770,,,face,,,34.0,,[289],,,"['3P6tvjgV9AA81fRmsqfbIm', '0x8tDwgKz4rBhuBSTQ03Sz', '0']",
771,2,Floor,1,ARC,Floor_771,,,face,,,13.0,,[315],,,"['0a$DTcOc10$eWx3Py5JFns', '0x8tDwgKz4rBhuBSTQ03VU', '0']",
772,1,Wall,1,ARC,Wall_772,,,face,,,39.0,,[303],,,"['26kn7MqLL9oOOTivXpgFzx', '0x8tDwgKz4rBhuBSTQ03VF', '0']",
773,1,Wall,1,ARC,Wall_773,,,rewritten,,,116.0,,[314],,,"['26kn7MqLL9oOOTivXpg2dx', '0x8tDwgKz4rBhuBSTQ03VT', '0']",
774,1,Wall,1,ARC,Wall_774,,,rewritten,,,116.0,,[314],,,"['26kn7MqLL9oOOTivXpg2dx', '0x8tDwgKz4rBhuBSTQ03VT', '1']",
775,1,Wall,1,ARC,Wall_775,,,face,,,129.0,,[327],,,"['26kn7MqLL9oOOTivXpgDDc', '0x8tDwgKz4rBhuBSTQ03Vl', '0']",
776,1,Wall,1,ARC,Wall_776,,,face,,,110.0,,[311],,,"['26kn7MqLL9oOOTivXpgCQd', '0x8tDwgKz4rBhuBSTQ03VQ', '0']",
777,2,Floor,1,ARC,Floor_777,,,face,,,13.0,,[291],,,"['0a$DTcOc10$eWx3Py5JFns', '0x8tDwgKz4rBhuBSTQ03S$', '0']",
778,2,Floor,1,ARC,Floor_778,,,face,,,13.0,,[334],,,"['0a$DTcOc10$eWx3Py5JFns', '0x8tDwgKz4rBhuBSTQ0377', '0']",
779,1,Wall,1,ARC,Wall_779,,,face,,,101.0,,[330],,,"['26kn7MqLL9oOOTivXpgCJg', '0x8tDwgKz4rBhuBSTQ03Vo', '0']",
780,1,Wall,1,ARC,Wall_780,,,face,,,245.0,,[303],,,"['26kn7MqLL9oOOTivXpgF_a', '0x8tDwgKz4rBhuBSTQ03VF', '0']",
781,2,Floor,1,ARC,Floor_781,,,face,,,13.0,,[326],,,"['0a$DTcOc10$eWx3Py5JFns', '0x8tDwgKz4rBhuBSTQ03Vj', '0']",
782,1,Wall,1,ARC,Wall_782,,,face,,,113.0,,[309],,,"['26kn7MqLL9oOOTivXpgCW4', '0x8tDwgKz4rBhuBSTQ03VN', '0']",
783,1,Wall,1,ARC,Wall_783,,,face,,,90.0,,[320],,,"['26kn7MqLL9oOOTivXpg2C1', '0x8tDwgKz4rBhuBSTQ03Va', '0']",
784,2,Floor,1,ARC,Floor_784,,,face,,,13.0,,[325],,,"['0a$DTcOc10$eWx3Py5JFns', '0x8tDwgKz4rBhuBSTQ03Vi', '0']",
785,1,Wall,1,ARC,Wall_785,,,face,,,84.0,,[305],,,"['26kn7MqLL9oOOTivXpgFtO', '0x8tDwgKz4rBhuBSTQ03VJ', '0']",
786,1,Wall,1,ARC,Wall_786,,,face,,,34.0,,[288],,,"['3P6tvjgV9AA81fRmsqfbIm', '0x8tDwgKz4rBhuBSTQ03Sy', '0']",
787,1,Wall,1,ARC,Wall_787,,,rewritten,,,75.0,,[3],,,"['26kn7MqLL9oOOTivXpg2uw', '3ieRYLDdzA7A223TPufEIC', '0']",
788,2,Floor,1,ARC,Floor_788,,,face,,,13.0,,[7],,,"['0a$DTcOc10$eWx3Py5JFns', '2Vw5Ga4Dz31wA6t7ociBOC', '0']",
789,3,Ceiling,1,ARC,Ceiling_789,,,face,,,164.0,,[297],,,"['1T7BPQ_hn69uk5$Jp8cvH6', '0x8tDwgKz4rBhuBSTQ03V5', '0']",
790,1,Wall,1,ARC,Wall_790,,,face,,,84.0,,[304],,,"['26kn7MqLL9oOOTivXpgFtO', '0x8tDwgKz4rBhuBSTQ03VI', '0']",
791,1,Wall,1,ARC,Wall_791,,,face,,,105.0,,[310],,,"['26kn7MqLL9oOOTivXpgCSR', '0x8tDwgKz4rBhuBSTQ03VO', '0']",
792,1,Wall,1,ARC,Wall_792,,,face,,,243.0,,[330],,,"['1XD1GHfzD6cunMzxtqLi4o', '0x8tDwgKz4rBhuBSTQ03Vo', '0']",
793,1,Wall,1,ARC,Wall_793,,,aggregate,,,"[245, 245, 245, 245]","[720, 721, 722, 723]",[324],,,"['26kn7MqLL9oOOTivXpgF_a', '0x8tDwgKz4rBhuBSTQ03Vh', '3', '26kn7MqLL9oOOTivXpgF_a', '0x8tDwgKz4rBhuBSTQ03Vh', '2', '26kn7MqLL9oOOTivXpgF_a', '0x8tDwgKz4rBhuBSTQ03Vh', '1', '26kn7MqLL9oOOTivXpgF_a', '0x8tDwgKz4rBhuBSTQ03Vh', '0']",
794,1,Wall,1,ARC,Wall_794,,,aggregate,,,"[223, 223, 223, 223, 223, 223, 223, 223, 223, 223]","[544, 545, 546, 547, 548, 539, 540, 541, 542, 543]",[8],,,"['3P6tvjgV9AA81fRmsqfbLY', '2Vw5Ga4Dz31wA6t7ociBOo', '5', '3P6tvjgV9AA81fRmsqfbLY', '2Vw5Ga4Dz31wA6t7ociBOo', '4', '3P6tvjgV9AA81fRmsqfbLY', '2Vw5Ga4Dz31wA6t7ociBOo', '3', '3P6tvjgV9AA81fRmsqfbLY', '2Vw5Ga4Dz31wA6t7ociBOo', '2', '3P6tvjgV9AA81fRmsqfbLY', '2Vw5Ga4Dz31wA6t7ociBOo', '1', '3P6tvjgV9AA81fRmsqfbLY', '2Vw5Ga4Dz31wA6t7ociBOo', '0', '3P6tvjgV9AA81fRmsqfbLY', '2Vw5Ga4Dz31wA6t7ociBOo', '9', '3P6tvjgV9AA81fRmsqfbLY', '2Vw5Ga4Dz31wA6t7ociBOo', '8', '3P6tvjgV9AA81fRmsqfbLY', '2Vw5Ga4Dz31wA6t7ociBOo', '7', '3P6tvjgV9AA81fRmsqfbLY', '2Vw5Ga4Dz31wA6t7ociBOo', '6']",
795,1,Wall,1,ARC,Wall_795,,,aggregate,,,"[243, 243, 243, 243, 243, 243, 243, 243, 243]","[512, 513, 514, 515, 507, 508, 509, 510, 511]",[8],,,"['1XD1GHfzD6cunMzxtqLi4o', '2Vw5Ga4Dz31wA6t7ociBOo', '5', '1XD1GHfzD6cunMzxtqLi4o', '2Vw5Ga4Dz31wA6t7ociBOo', '6', '1XD1GHfzD6cunMzxtqLi4o', '2Vw5Ga4Dz31wA6t7ociBOo', '7', '1XD1GHfzD6cunMzxtqLi4o', '2Vw5Ga4Dz31wA6t7ociBOo', '8', '1XD1GHfzD6cunMzxtqLi4o', '2Vw5Ga4Dz31wA6t7ociBOo', '0', '1XD1GHfzD6cunMzxtqLi4o', '2Vw5Ga4Dz31wA6t7ociBOo', '1', '1XD1GHfzD6cunMzxtqLi4o', '2Vw5Ga4Dz31wA6t7ociBOo', '2', '1XD1GHfzD6cunMzxtqLi4o', '2Vw5Ga4Dz31wA6t7ociBOo', '3', '1XD1GHfzD6cunMzxtqLi4o', '2Vw5Ga4Dz31wA6t7ociBOo', '4']",
796,1,Wall,1,ARC,Wall_796,,,aggregate,,,"[96, 96]","[632, 633]",[322],,,"['2VuhFQabH3JOql_RiqfUN3', '0x8tDwgKz4rBhuBSTQ03Vf', '0', '2VuhFQabH3JOql_RiqfUN3', '0x8tDwgKz4rBhuBSTQ03Vf', '1']",
797,1,Wall,1,ARC,Wall_797,,,aggregate,,,"[113, 113, 113, 113, 75]","[746, 747, 748, 749, 787]",[3],,,"['26kn7MqLL9oOOTivXpgCW4', '3ieRYLDdzA7A223TPufEIC', '0', '26kn7MqLL9oOOTivXpgCW4', '3ieRYLDdzA7A223TPufEIC', '1', '26kn7MqLL9oOOTivXpgCW4', '3ieRYLDdzA7A223TPufEIC', '2', '26kn7MqLL9oOOTivXpgCW4', '3ieRYLDdzA7A223TPufEIC', '3', '26kn7MqLL9oOOTivXpg2uw', '3ieRYLDdzA7A223TPufEIC', '0']",
798,1,Wall,1,ARC,Wall_798,,,aggregate,,,"[115, 115]","[366, 367]",[317],,,"['26kn7MqLL9oOOTivXpg2LS', '0x8tDwgKz4rBhuBSTQ03VX', '1', '26kn7MqLL9oOOTivXpg2LS', '0x8tDwgKz4rBhuBSTQ03VX', '0']",
799,1,Wall,1,ARC,Wall_799,,,aggregate,,,"[129, 129]","[522, 523]",[328],,,"['26kn7MqLL9oOOTivXpgDDc', '0x8tDwgKz4rBhuBSTQ03Vm', '0', '26kn7MqLL9oOOTivXpgDDc', '0x8tDwgKz4rBhuBSTQ03Vm', '1']",
800,1,Wall,1,ARC,Wall_800,,,aggregate,,,"[228, 228, 60]","[346, 347, 423]",[333],,,"['2phb4LYfH6ERu7VkkEK4h0', '0x8tDwgKz4rBhuBSTQ03Vs', '0', '2phb4LYfH6ERu7VkkEK4h0', '0x8tDwgKz4rBhuBSTQ03Vs', '1', '0fo82U50nDWhMj5k9OCNaz', '0x8tDwgKz4rBhuBSTQ03Vs', '0']",
801,1,Wall,1,ARC,Wall_801,,,aggregate,,,"[243, 97, 111, 243]","[760, 682, 356, 759]",[324],,,"['1XD1GHfzD6cunMzxtqLi4o', '0x8tDwgKz4rBhuBSTQ03Vh', '0', '2VuhFQabH3JOql_RiqfUK1', '0x8tDwgKz4rBhuBSTQ03Vh', '0', '2VuhFQabH3JOql_RiqfUMx', '0x8tDwgKz4rBhuBSTQ03Vh', '0', '1XD1GHfzD6cunMzxtqLi4o', '0x8tDwgKz4rBhuBSTQ03Vh', '1']",
802,1,Wall,1,ARC,Wall_802,,,aggregate,,,"[245, 245, 245, 245, 245, 245, 245, 245, 245]","[481, 482, 483, 484, 485, 486, 487, 488, 489]",[321],,,"['26kn7MqLL9oOOTivXpgF_a', '0x8tDwgKz4rBhuBSTQ03Vd', '8', '26kn7MqLL9oOOTivXpgF_a', '0x8tDwgKz4rBhuBSTQ03Vd', '7', '26kn7MqLL9oOOTivXpgF_a', '0x8tDwgKz4rBhuBSTQ03Vd', '6', '26kn7MqLL9oOOTivXpgF_a', '0x8tDwgKz4rBhuBSTQ03Vd', '5', '26kn7MqLL9oOOTivXpgF_a', '0x8tDwgKz4rBhuBSTQ03Vd', '4', '26kn7MqLL9oOOTivXpgF_a', '0x8tDwgKz4rBhuBSTQ03Vd', '3', '26kn7MqLL9oOOTivXpgF_a', '0x8tDwgKz4rBhuBSTQ03Vd', '2', '26kn7MqLL9oOOTivXpgF_a', '0x8tDwgKz4rBhuBSTQ03Vd', '1', '26kn7MqLL9oOOTivXpgF_a', '0x8tDwgKz4rBhuBSTQ03Vd', '0']",
803,1,Wall,1,ARC,Wall_803,,,aggregate,,,"[243, 243]","[594, 595]",[316],,,"['1XD1GHfzD6cunMzxtqLi4o', '0x8tDwgKz4rBhuBSTQ03VV', '1', '1XD1GHfzD6cunMzxtqLi4o', '0x8tDwgKz4rBhuBSTQ03VV', '0']",
804,1,Wall,1,ARC,Wall_804,,,aggregate,,,"[150, 150, 150, 150, 150]","[617, 618, 619, 620, 621]",[324],,,"['2VuhFQabH3JOql_RiqfURw', '0x8tDwgKz4rBhuBSTQ03Vh', '0', '2VuhFQabH3JOql_RiqfURw', '0x8tDwgKz4rBhuBSTQ03Vh', '1', '2VuhFQabH3JOql_RiqfURw', '0x8tDwgKz4rBhuBSTQ03Vh', '2', '2VuhFQabH3JOql_RiqfURw', '0x8tDwgKz4rBhuBSTQ03Vh', '3', '2VuhFQabH3JOql_RiqfURw', '0x8tDwgKz4rBhuBSTQ03Vh', '4']",
805,1,Wall,1,ARC,Wall_805,,,aggregate,,,"[113, 113]","[552, 553]",[310],,,"['26kn7MqLL9oOOTivXpgCW4', '0x8tDwgKz4rBhuBSTQ03VO', '0', '26kn7MqLL9oOOTivXpgCW4', '0x8tDwgKz4rBhuBSTQ03VO', '1']",
806,1,Wall,1,ARC,Wall_806,,,aggregate,,,"[113, 113, 102, 63]","[464, 465, 427, 599]",[331],,,"['26kn7MqLL9oOOTivXpgCW4', '0x8tDwgKz4rBhuBSTQ03Vp', '1', '26kn7MqLL9oOOTivXpgCW4', '0x8tDwgKz4rBhuBSTQ03Vp', '0', '26kn7MqLL9oOOTivXpgCVG', '0x8tDwgKz4rBhuBSTQ03Vp', '0', '26kn7MqLL9oOOTivXpgC8t', '0x8tDwgKz4rBhuBSTQ03Vp', '0']",
807,1,Wall,1,ARC,Wall_807,,,aggregate,,,"[115, 115]","[358, 359]",[7],,,"['26kn7MqLL9oOOTivXpg2LS', '2Vw5Ga4Dz31wA6t7ociBOC', '0', '26kn7MqLL9oOOTivXpg2LS', '2Vw5Ga4Dz31wA6t7ociBOC', '1']",
808,1,Wall,1,ARC,Wall_808,,,aggregate,,,"[243, 243]","[694, 695]",[318],,,"['1XD1GHfzD6cunMzxtqLi4o', '0x8tDwgKz4rBhuBSTQ03VY', '1', '1XD1GHfzD6cunMzxtqLi4o', '0x8tDwgKz4rBhuBSTQ03VY', '0']",
809,1,Wall,1,ARC,Wall_809,,,aggregate,,,"[93, 93]","[457, 458]",[7],,,"['26kn7MqLL9oOOTivXpgEI0', '2Vw5Ga4Dz31wA6t7ociBOC', '1', '26kn7MqLL9oOOTivXpgEI0', '2Vw5Ga4Dz31wA6t7ociBOC', '0']",
810,1,Wall,1,ARC,Wall_810,,,aggregate,,,"[243, 243, 243, 243, 243]","[527, 528, 529, 530, 531]",[321],,,"['1XD1GHfzD6cunMzxtqLi4o', '0x8tDwgKz4rBhuBSTQ03Vd', '0', '1XD1GHfzD6cunMzxtqLi4o', '0x8tDwgKz4rBhuBSTQ03Vd', '1', '1XD1GHfzD6cunMzxtqLi4o', '0x8tDwgKz4rBhuBSTQ03Vd', '2', '1XD1GHfzD6cunMzxtqLi4o', '0x8tDwgKz4rBhuBSTQ03Vd', '3', '1XD1GHfzD6cunMzxtqLi4o', '0x8tDwgKz4rBhuBSTQ03Vd', '4']",
811,1,Wall,1,ARC,Wall_811,,,aggregate,,,"[243, 243, 243]","[673, 674, 675]",[7],,,"['1XD1GHfzD6cunMzxtqLi4o', '2Vw5Ga4Dz31wA6t7ociBOC', '0', '1XD1GHfzD6cunMzxtqLi4o', '2Vw5Ga4Dz31wA6t7ociBOC', '1', '1XD1GHfzD6cunMzxtqLi4o', '2Vw5Ga4Dz31wA6t7ociBOC', '2']",
812,1,Wall,1,ARC,Wall_812,,,aggregate,,,"[6, 6]","[744, 743]",[290],,,"['0fo82U50nDWhMj5k9OCN$b', '0x8tDwgKz4rBhuBSTQ03S_', '0', '0fo82U50nDWhMj5k9OCN$b', '0x8tDwgKz4rBhuBSTQ03S_', '1']",
813,1,Wall,1,ARC,Wall_813,,,aggregate,,,"[150, 150]","[705, 706]",[341],,,"['2VuhFQabH3JOql_RiqfURw', '3ieRYLDdzA7A223TPufELI', '1', '2VuhFQabH3JOql_RiqfURw', '3ieRYLDdzA7A223TPufELI', '0']",
814,1,Wall,1,ARC,Wall_814,,,aggregate,,,"[124, 124]","[460, 461]",[339],,,"['2VuhFQabH3JOql_RiqfUSN', '3ieRYLDdzA7A223TPufEMy', '0', '2VuhFQabH3JOql_RiqfUSN', '3ieRYLDdzA7A223TPufEMy', '1']",
815,1,Wall,1,ARC,Wall_815,,,aggregate,,,"[228, 228]","[376, 377]",[332],,,"['2phb4LYfH6ERu7VkkEK4h0', '0x8tDwgKz4rBhuBSTQ03Vr', '1', '2phb4LYfH6ERu7VkkEK4h0', '0x8tDwgKz4rBhuBSTQ03Vr', '0']",
816,1,Wall,1,ARC,Wall_816,,,aggregate,,,"[108, 108]","[371, 372]",[3],,,"['26kn7MqLL9oOOTivXpgC1F', '3ieRYLDdzA7A223TPufEIC', '0', '26kn7MqLL9oOOTivXpgC1F', '3ieRYLDdzA7A223TPufEIC', '1']",
817,1,Wall,1,ARC,Wall_817,,,aggregate,,,"[129, 129, 129]","[754, 755, 756]",[313],,,"['26kn7MqLL9oOOTivXpgDDc', '0x8tDwgKz4rBhuBSTQ03VS', '2', '26kn7MqLL9oOOTivXpgDDc', '0x8tDwgKz4rBhuBSTQ03VS', '1', '26kn7MqLL9oOOTivXpgDDc', '0x8tDwgKz4rBhuBSTQ03VS', '0']",
818,1,Wall,1,ARC,Wall_818,,,aggregate,,,"[67, 67]","[609, 610]",[330],,,"['26kn7MqLL9oOOTivXpgDiH', '0x8tDwgKz4rBhuBSTQ03Vo', '0', '26kn7MqLL9oOOTivXpgDiH', '0x8tDwgKz4rBhuBSTQ03Vo', '1']",
819,1,Wall,1,ARC,Wall_819,,,aggregate,,,"[223, 223, 223]","[699, 700, 701]",[3],,,"['3P6tvjgV9AA81fRmsqfbLY', '3ieRYLDdzA7A223TPufEIC', '0', '3P6tvjgV9AA81fRmsqfbLY', '3ieRYLDdzA7A223TPufEIC', '2', '3P6tvjgV9AA81fRmsqfbLY', '3ieRYLDdzA7A223TPufEIC', '1']",
820,1,Wall,1,ARC,Wall_820,,,aggregate,,,"[68, 68]","[390, 391]",[7],,,"['26kn7MqLL9oOOTivXpgEc8', '2Vw5Ga4Dz31wA6t7ociBOC', '1', '26kn7MqLL9oOOTivXpgEc8', '2Vw5Ga4Dz31wA6t7ociBOC', '0']",
821,1,Wall,1,ARC,Wall_821,,,aggregate,,,"[245, 245]","[640, 639]",[304],,,"['26kn7MqLL9oOOTivXpgF_a', '0x8tDwgKz4rBhuBSTQ03VI', '1', '26kn7MqLL9oOOTivXpgF_a', '0x8tDwgKz4rBhuBSTQ03VI', '0']",
822,1,Wall,1,ARC,Wall_822,,,aggregate,,,"[129, 129]","[645, 646]",[312],,,"['26kn7MqLL9oOOTivXpgDDc', '0x8tDwgKz4rBhuBSTQ03VR', '1', '26kn7MqLL9oOOTivXpgDDc', '0x8tDwgKz4rBhuBSTQ03VR', '0']",
823,1,Wall,1,ARC,Wall_823,,,aggregate,,,"[68, 68]","[393, 394]",[338],,,"['26kn7MqLL9oOOTivXpgEc8', '34s_9XZVj4dvcc98NZ_z89', '0', '26kn7MqLL9oOOTivXpgEc8', '34s_9XZVj4dvcc98NZ_z89', '1']",
824,1,Wall,1,ARC,Wall_824,,,aggregate,,,"[116, 116]","[773, 774]",[314],,,"['26kn7MqLL9oOOTivXpg2dx', '0x8tDwgKz4rBhuBSTQ03VT', '0', '26kn7MqLL9oOOTivXpg2dx', '0x8tDwgKz4rBhuBSTQ03VT', '1']",
825,1,Wall,1,ARC,Wall_825,,,aggregate,,,"[109, 109]","[533, 534]",[314],,,"['26kn7MqLL9oOOTivXpgDcn', '0x8tDwgKz4rBhuBSTQ03VT', '0', '26kn7MqLL9oOOTivXpgDcn', '0x8tDwgKz4rBhuBSTQ03VT', '1']",
826,1,Wall,1,ARC,Wall_826,,,aggregate,,,"[223, 223]","[630, 631]",[288],,,"['3P6tvjgV9AA81fRmsqfbLY', '0x8tDwgKz4rBhuBSTQ03Sy', '0', '3P6tvjgV9AA81fRmsqfbLY', '0x8tDwgKz4rBhuBSTQ03Sy', '1']",
827,1,Wall,1,ARC,Wall_827,,,aggregate,,,"[71, 71]","[666, 667]",[4],,,"['26kn7MqLL9oOOTivXpgDJf', '2Vw5Ga4Dz31wA6t7ociBwO', '0', '26kn7MqLL9oOOTivXpgDJf', '2Vw5Ga4Dz31wA6t7ociBwO', '1']",
828,1,Wall,1,ARC,Wall_828,,,aggregate,,,"[113, 75]","[490, 506]",[335],,,"['26kn7MqLL9oOOTivXpgCW4', '34s_9XZVj4dvcc98NZ_yKB', '0', '26kn7MqLL9oOOTivXpg2uw', '34s_9XZVj4dvcc98NZ_yKB', '0']",
829,1,Wall,1,ARC,Wall_829,,,aggregate,,,"[60, 60]","[362, 363]",[332],,,"['0fo82U50nDWhMj5k9OCNaz', '0x8tDwgKz4rBhuBSTQ03Vr', '1', '0fo82U50nDWhMj5k9OCNaz', '0x8tDwgKz4rBhuBSTQ03Vr', '0']",
830,1,Wall,1,ARC,Wall_830,,,aggregate,,,"[110, 110]","[480, 479]",[335],,,"['26kn7MqLL9oOOTivXpgCQd', '34s_9XZVj4dvcc98NZ_yKB', '0', '26kn7MqLL9oOOTivXpgCQd', '34s_9XZVj4dvcc98NZ_yKB', '1']",
